Rank,Release Group,Worldwide,Domestic,%,Foreign,%
1,Harry Potter and the Goblet of Fire,"$895,921,036","$290,013,036",32.4%,"$605,908,000",67.6%
2,Star Wars: Episode III - Revenge of the Sith,"$868,352,530","$380,270,577",43.8%,"$488,081,953",56.2%
3,"The Chronicles of Narnia: The Lion, the Witch and the Wardrobe","$745,013,115","$291,710,957",39.2%,"$453,302,158",60.8%
4,War of the Worlds,"$603,873,119","$234,280,354",38.8%,"$369,592,765",61.2%
5,King Kong,"$562,363,449","$218,080,025",38.8%,"$344,283,424",61.2%
6,Madagascar,"$542,063,846","$193,595,521",35.7%,"$348,468,325",64.3%
7,Mr. & Mrs. Smith,"$487,287,646","$186,336,279",38.2%,"$300,951,367",61.8%
8,Charlie and the Chocolate Factory,"$474,968,763","$206,459,076",43.5%,"$268,509,687",56.5%
9,Batman Begins,"$371,853,783","$205,343,774",55.2%,"$166,510,009",44.8%
10,Hitch,"$371,594,210","$179,495,555",48.3%,"$192,098,655",51.7%
11,Fantastic Four,"$333,535,934","$154,696,080",46.4%,"$178,839,854",53.6%
12,Chicken Little,"$314,432,837","$135,386,665",43.1%,"$179,046,172",56.9%
13,Wedding Crashers,"$288,467,645","$209,255,921",72.5%,"$79,211,724",27.5%
14,Robots,"$262,511,490","$128,200,012",48.8%,"$134,311,478",51.2%
15,Constantine,"$230,884,728","$75,976,178",32.9%,"$154,908,550",67.1%
16,Flightplan,"$223,387,299","$89,707,299",40.2%,"$133,680,000",59.8%
17,Kingdom of Heaven,"$218,122,627","$47,398,413",21.7%,"$170,724,214",78.3%
18,Fun with Dick and Jane,"$204,681,899","$110,332,737",53.9%,"$94,349,162",46.1%
19,The Pacifier,"$198,636,868","$113,086,868",56.9%,"$85,550,000",43.1%
20,Wallace & Gromit: The Curse of the Were-Rabbit,"$194,111,171","$56,110,897",28.9%,"$138,000,274",71.1%
21,The Longest Yard,"$191,466,556","$158,119,460",82.6%,"$33,347,096",17.4%
22,Walk the Line,"$186,797,986","$119,519,402",64%,"$67,278,584",36%
23,Brokeback Mountain,"$178,062,759","$83,043,761",46.6%,"$95,018,998",53.4%
24,The 40-Year-Old Virgin,"$177,378,645","$109,449,237",61.7%,"$67,929,408",38.3%
25,The Ring Two,"$163,995,949","$76,231,249",46.5%,"$87,764,700",53.5%
26,The Island,"$162,949,164","$35,818,913",22%,"$127,130,251",78%
27,The Interpreter,"$162,944,923","$72,708,161",44.6%,"$90,236,762",55.4%
28,Memoirs of a Geisha,"$162,242,962","$57,490,508",35.4%,"$104,752,454",64.6%
29,Sin City,"$158,733,820","$74,103,820",46.7%,"$84,630,000",53.3%
30,Monster-in-Law,"$155,457,327","$82,931,301",53.3%,"$72,526,026",46.7%
31,Saw II,"$147,748,505","$87,039,965",58.9%,"$60,708,540",41.1%
32,The Exorcism of Emily Rose,"$145,166,804","$75,072,454",51.7%,"$70,094,350",48.3%
33,Herbie Fully Loaded,"$144,146,816","$66,023,816",45.8%,"$78,123,000",54.2%
34,The Legend of Zorro,"$142,400,065","$46,464,023",32.6%,"$95,936,042",67.4%
35,Bewitched,"$131,426,169","$63,313,159",48.2%,"$68,113,010",51.8%
36,Munich,"$130,982,129","$47,403,685",36.2%,"$83,578,444",63.8%
37,Cheaper by the Dozen 2,"$130,154,568","$82,571,173",63.4%,"$47,583,395",36.6%
38,March of the Penguins,"$127,392,693","$77,437,223",60.8%,"$49,955,470",39.2%
39,Nanny McPhee,"$123,276,807","$47,144,110",38.2%,"$76,132,697",61.8%
40,Hide and Seek,"$123,204,920","$51,100,486",41.5%,"$72,104,434",58.5%
41,Pride & Prejudice,"$121,616,555","$38,405,088",31.6%,"$83,211,467",68.4%
42,Sahara,"$119,240,351","$68,671,925",57.6%,"$50,568,426",42.4%
43,Corpse Bride,"$118,090,836","$53,359,111",45.2%,"$64,731,725",54.8%
44,The Dukes of Hazzard,"$111,069,515","$80,270,227",72.3%,"$30,799,288",27.7%
45,Hoodwinked,"$110,013,167","$51,386,611",46.7%,"$58,626,556",53.3%
46,Cinderella Man,"$108,539,911","$61,649,911",56.8%,"$46,890,000",43.2%
47,The Amityville Horror,"$107,516,369","$65,233,369",60.7%,"$42,283,000",39.3%
48,The Brothers Grimm,"$105,316,267","$37,916,267",36%,"$67,400,000",64%
49,The Hitchhiker's Guide to the Galaxy,"$104,478,416","$51,085,416",48.9%,"$53,393,000",51.1%
50,Guess Who,"$103,121,466","$68,915,888",66.8%,"$34,205,578",33.2%
51,Just Like Heaven,"$102,854,431","$48,318,130",47%,"$54,536,301",53%
52,Miss Congeniality 2: Armed & Fabulous,"$101,393,569","$48,478,006",47.8%,"$52,915,563",52.2%
53,Crash,"$98,410,061","$54,580,300",55.5%,"$43,829,761",44.5%
54,Are We There Yet?,"$97,918,663","$82,674,398",84.4%,"$15,244,265",15.6%
55,Jarhead,"$97,076,152","$62,658,220",64.5%,"$34,417,932",35.5%
56,Red Eye,"$96,258,201","$57,891,803",60.1%,"$38,366,398",39.9%
57,Be Cool,"$95,763,716","$56,046,979",58.5%,"$39,716,737",41.5%
58,The Skeleton Key,"$93,983,911","$47,907,715",51%,"$46,076,196",49%
59,Syriana,"$93,974,620","$50,824,620",54.1%,"$43,150,000",45.9%
60,The Family Stone,"$92,884,429","$60,062,868",64.7%,"$32,821,561",35.3%
61,Four Brothers,"$92,374,674","$74,494,381",80.6%,"$17,880,293",19.4%
62,White Noise,"$91,196,419","$56,386,759",61.8%,"$34,809,660",38.2%
63,Racing Stripes,"$90,754,475","$49,772,522",54.8%,"$40,981,953",45.2%
64,Transporter 2,"$89,083,229","$43,095,856",48.4%,"$45,987,373",51.6%
65,Rumor Has It...,"$88,933,562","$43,000,262",48.4%,"$45,933,300",51.6%
66,Sky High,"$86,369,815","$63,946,815",74%,"$22,423,000",26%
67,Match Point,"$85,638,656","$23,151,529",27%,"$62,487,127",73%
68,In Her Shoes,"$83,697,473","$32,880,591",39.3%,"$50,816,882",60.7%
69,The Constant Gardener,"$82,466,670","$33,579,797",40.7%,"$48,886,873",59.3%
70,Stealth,"$79,268,322","$32,116,746",40.5%,"$47,151,576",59.5%
71,Hostage,"$77,608,617","$34,639,939",44.6%,"$42,968,678",55.4%
72,Coach Carter,"$76,669,554","$67,264,877",87.7%,"$9,404,677",12.3%
73,The King and the Clown,"$74,466,867",-,-,"$74,466,867",100%
74,"Yours, Mine & Ours","$72,662,923","$53,412,862",73.5%,"$19,250,061",26.5%
75,Lord of War,"$72,617,068","$24,149,632",33.3%,"$48,467,436",66.7%
76,The Adventures of Sharkboy and Lavagirl 3-D,"$71,992,655","$39,177,684",54.4%,"$32,814,971",45.6%
77,xXx: State of the Union,"$71,022,693","$26,873,932",37.8%,"$44,148,761",62.2%
78,House of Wax,"$68,766,121","$32,064,800",46.6%,"$36,701,321",53.4%
79,Prime,"$67,937,494","$22,827,153",33.6%,"$45,110,341",66.4%
80,Boogeyman,"$67,192,859","$46,752,382",69.6%,"$20,440,477",30.4%
81,Zathura: A Space Adventure,"$65,079,104","$29,258,869",45%,"$35,820,235",55%
82,Valiant,"$61,746,888","$19,478,106",31.5%,"$42,268,782",68.5%
83,A History of Violence,"$61,385,065","$31,504,633",51.3%,"$29,880,432",48.7%
84,Son of the Mask,"$59,981,548","$17,018,422",28.4%,"$42,963,126",71.6%
85,Must Love Dogs,"$58,231,520","$43,894,863",75.4%,"$14,336,657",24.6%
86,Doom,"$58,072,119","$28,212,337",48.6%,"$29,859,782",51.4%
87,Derailed,"$57,479,076","$36,024,076",62.7%,"$21,455,000",37.3%
88,The Descent,"$57,051,053","$26,024,456",45.6%,"$31,026,597",54.4%
89,Elektra,"$56,995,646","$24,409,722",42.8%,"$32,585,924",57.2%
90,Kicking & Screaming,"$56,070,433","$52,842,724",94.2%,"$3,227,709",5.8%
91,"Good Night, and Good Luck.","$54,641,191","$31,558,003",57.8%,"$23,083,188",42.2%
92,Æon Flux,"$53,321,673","$25,874,337",48.5%,"$27,447,336",51.5%
93,Pooh's Heffalump Movie,"$52,858,433","$18,098,433",34.2%,"$34,760,000",65.8%
94,Elizabethtown,"$52,164,016","$26,850,426",51.5%,"$25,313,590",48.5%
95,Just Friends,"$50,912,434","$32,619,671",64.1%,"$18,292,763",35.9%
96,Unleashed,"$50,871,113","$24,537,621",48.2%,"$26,333,492",51.8%
97,Diary of a Mad Black Woman,"$50,652,203","$50,633,099",100%,"$19,104",<0.1%
98,Fever Pitch,"$50,605,163","$42,071,069",83.1%,"$8,534,094",16.9%
99,Capote,"$49,327,405","$28,750,530",58.3%,"$20,576,875",41.7%
100,Broken Flowers,"$47,329,961","$13,744,960",29%,"$33,585,001",71%
101,The Wedding Date,"$47,096,206","$31,726,995",67.4%,"$15,369,211",32.6%
102,Land of the Dead,"$47,074,133","$20,700,082",44%,"$26,374,051",56%
103,Get Rich or Die Tryin',"$46,563,961","$30,985,352",66.5%,"$15,578,609",33.5%
104,The Fog,"$46,201,432","$29,550,869",64%,"$16,650,563",36%
105,Into the Blue,"$46,117,696","$18,801,234",40.8%,"$27,316,462",59.2%
106,Deuce Bigalow: European Gigolo,"$45,109,561","$22,400,154",49.7%,"$22,709,407",50.3%
107,Dark Water 2005 Re-release,"$44,347,079","$25,473,352",57.4%,"$18,873,727",42.6%
108,A Lot Like Love,"$42,886,719","$21,845,719",50.9%,"$21,041,000",49.1%
109,Oliver Twist,"$42,580,321","$2,080,321",4.9%,"$40,500,000",95.1%
110,The Sisterhood of the Traveling Pants,"$42,013,878","$39,053,061",93%,"$2,960,817",7%
111,Serenity,"$40,445,129","$25,514,517",63.1%,"$14,930,612",36.9%
112,The Ringer,"$40,442,443","$35,428,675",87.6%,"$5,013,768",12.4%
113,Magnificent Desolation: Walking on the Moon 3D,"$40,339,402","$34,137,524",84.6%,"$6,201,878",15.4%
114,Otoko-tachi no Yamato,"$39,287,114",-,-,"$39,287,114",100%
115,Dreamer,"$38,741,732","$32,751,093",84.5%,"$5,990,639",15.5%
116,Always: Sunset on Third Street,"$38,573,583",-,-,"$38,573,583",100%
117,The Producers,"$38,075,318","$19,398,532",50.9%,"$18,676,786",49.1%
118,Casanova,"$37,691,644","$11,304,403",30%,"$26,387,241",70%
119,Beauty Shop,"$37,245,453","$36,351,350",97.6%,"$894,103",2.4%
120,Pokémon: Lucario and the Mystery of Mew,"$37,228,626",-,-,"$37,228,626",100%
121,Negotiator: Mashita Masayoshi,"$36,733,286",-,-,"$36,733,286",100%
122,Assault on Precinct 13,"$35,294,470","$20,040,895",56.8%,"$15,253,575",43.2%
123,Nana,"$34,671,042",-,-,"$34,671,042",100%
124,Wild Safari - A South African Adventure,"$34,257,135","$16,621,530",48.5%,"$17,635,605",51.5%
125,Bad News Bears,"$34,252,847","$32,868,349",96%,"$1,384,498",4%
126,Because of Winn-Dixie,"$33,589,427","$32,647,042",97.2%,"$942,385",2.8%
127,The Cave,"$33,296,457","$15,007,991",45.1%,"$18,288,466",54.9%
128,Marathon,"$33,284,089",-,-,"$33,284,089",100%
129,The Brice Man,"$33,026,616",-,-,"$33,026,616",100%
130,Cry Wolf,"$32,586,408","$10,047,674",30.8%,"$22,538,734",69.2%
131,The Suspect: Muroi Shinji,"$32,104,229",-,-,"$32,104,229",100%
132,Marrying the Mafia 2: Enemy-in-Law,"$31,835,989",-,-,"$31,835,989",100%
133,Battle Ground 625,"$31,787,130",-,-,"$31,787,130",100%
134,Rent,"$31,670,620","$29,077,547",91.8%,"$2,593,073",8.2%
135,The New World 2005 Re-release,"$31,510,855","$12,712,093",40.3%,"$18,798,762",59.7%
136,Train Man,"$31,090,100",-,-,"$31,090,100",100%
137,The Promise,"$30,925,693","$669,625",2.2%,"$30,256,068",97.8%
138,Wolf Creek,"$30,762,648","$16,188,180",52.6%,"$14,574,468",47.4%
139,Two for the Money,"$30,526,509","$22,991,379",75.3%,"$7,535,130",24.7%
140,Cursed,"$29,621,722","$19,297,522",65.1%,"$10,324,200",34.9%
141,The Upside of Anger,"$28,237,488","$18,761,993",66.4%,"$9,475,495",33.6%
142,Mrs. Henderson Presents,"$27,876,417","$11,036,366",39.6%,"$16,840,051",60.4%
143,Ice Princess,"$27,645,491","$24,402,491",88.3%,"$3,243,000",11.7%
144,Goal! The Dream Begins,"$27,610,873","$4,283,255",15.5%,"$23,327,618",84.5%
145,The Protector,"$27,165,581","$12,044,087",44.3%,"$15,121,494",55.7%
146,Doogal,"$26,711,924","$7,438,000",27.8%,"$19,273,924",72.2%
147,Typhoon,"$26,179,656","$139,059",0.5%,"$26,040,597",99.5%
148,9th Company,"$26,146,165",-,-,"$26,146,165",100%
149,Natale a Miami,"$25,643,184",-,-,"$25,643,184",100%
150,The Tiger and the Snow,"$25,460,023","$10,167",<0.1%,"$25,449,856",100%
151,North Country,"$25,211,175","$18,337,722",72.7%,"$6,873,453",27.3%
152,April Snow,"$24,873,159",-,-,"$24,873,159",100%
153,I Love You in Every Language in the World,"$23,941,317",-,-,"$23,941,317",100%
154,Lady Vengeance,"$23,834,149","$211,667",0.9%,"$23,622,482",99.1%
155,Russian Dolls,"$23,727,301","$326,095",1.4%,"$23,401,206",98.6%
156,Hustle & Flow,"$23,563,727","$22,202,809",94.2%,"$1,360,918",5.8%
157,Another Public Enemy,"$23,248,003",-,-,"$23,248,003",100%
158,Domino,"$22,944,502","$10,169,202",44.3%,"$12,775,300",55.7%
159,The White Massai,"$22,632,255",-,-,"$22,632,255",100%
160,Manual of Love,"$22,079,820",-,-,"$22,079,820",100%
161,Torrente 3: El protector,"$21,762,391",-,-,"$21,762,391",100%
162,Man of the House,"$21,577,624","$19,699,706",91.3%,"$1,877,918",8.7%
163,Year One in the North,"$21,360,942",-,-,"$21,360,942",100%
164,The Jacket,"$21,126,225","$6,303,762",29.8%,"$14,822,463",70.2%
165,The Devil's Rejects,"$20,901,859","$17,044,981",81.5%,"$3,856,878",18.5%
166,A Moment to Remember,"$20,865,847",-,-,"$20,865,847",100%
167,Lorelei: The Witch of the Pacific Ocean,"$19,806,585",-,-,"$19,806,585",100%
168,The Perfect Man,"$19,770,475","$16,535,005",83.6%,"$3,235,470",16.4%
169,Mapado,"$19,286,223",-,-,"$19,286,223",100%
170,The Weather Man,"$19,126,398","$12,482,775",65.3%,"$6,643,623",34.7%
171,Iznogoud- Caliph Instead of the Caliph,"$18,725,588",-,-,"$18,725,588",100%
172,Detective Conan: Strategy Above the Depths,"$18,723,952",-,-,"$18,723,952",100%
173,Waiting...,"$18,637,690","$16,124,543",86.5%,"$2,513,147",13.5%
174,An Unfinished Life,"$18,618,284","$8,586,392",46.1%,"$10,031,892",53.9%
175,My Father and My Son,"$18,612,999",-,-,"$18,612,999",100%
176,Keeping Mum,"$18,575,768","$1,619,466",8.7%,"$16,956,302",91.3%
177,Turetskiy gambit,"$18,520,000",-,-,"$18,520,000",100%
178,As It Is in Heaven,"$18,318,233",-,-,"$18,318,233",100%
179,The World's Fastest Indian,"$18,297,690","$5,128,124",28%,"$13,169,566",72%
180,Night Watch 2005 Re-release,"$17,939,389","$1,502,188",8.4%,"$16,437,201",91.6%
181,Joyeux Noel,"$17,709,155","$1,054,361",6%,"$16,654,794",94%
182,You Are My Sunshine,"$17,650,142",-,-,"$17,650,142",100%
183,Palais royal!,"$17,612,135",-,-,"$17,612,135",100%
184,Roll Bounce,"$17,500,866","$17,380,866",99.3%,"$120,000",0.7%
185,Rebound,"$17,492,014","$16,809,014",96.1%,"$683,000",3.9%
186,Stormy Night,"$17,379,776",-,-,"$17,379,776",100%
187,The Matador,"$17,347,231","$12,594,698",72.6%,"$4,752,533",27.4%
188,Aegis,"$16,869,261",-,-,"$16,869,261",100%
189,Caché,"$16,197,824","$3,647,381",22.5%,"$12,550,443",77.5%
190,The Great Yokai War,"$15,787,492",-,-,"$15,787,492",100%
191,Kiss Kiss Bang Bang,"$15,785,148","$4,243,756",26.9%,"$11,541,392",73.1%
192,The Gospel,"$15,778,152","$15,778,152",100%,-,-
193,Two Sons of Francisco,"$15,508,288",-,-,"$15,508,288",100%
194,The Greatest Game Ever Played,"$15,431,177","$15,337,393",99.4%,"$93,784",0.6%
195,Transamerica,"$15,151,744","$9,015,303",59.5%,"$6,136,441",40.5%
196,"Murder, Take One","$14,915,208",-,-,"$14,915,208",100%
197,Most Beautiful Week in My Life,"$14,765,033",-,-,"$14,765,033",100%
198,Samurai Commando Mission 1549,"$14,648,713",-,-,"$14,648,713",100%
199,Blood Rain,"$14,270,938",-,-,"$14,270,938",100%
200,Proof,"$14,189,860","$7,535,331",53.1%,"$6,654,529",46.9%
201,Magic Carpet Ride,"$14,188,490",-,-,"$14,188,490",100%
202,Art of Seduction,"$14,152,879",-,-,"$14,152,879",100%
203,When Romance Meets Destiny,"$14,049,623",-,-,"$14,049,623",100%
204,Barefoot,"$14,000,000",-,-,"$14,000,000",100%
205,The Chaos Class in the Military,"$13,761,506",-,-,"$13,761,506",100%
206,The Man,"$13,485,145","$8,330,720",61.8%,"$5,154,425",38.2%
207,Innocent Steps,"$13,419,977",-,-,"$13,419,977",100%
208,Lords of Dogtown,"$13,411,957","$11,273,517",84.1%,"$2,138,440",15.9%
209,The Honeymooners,"$13,183,426","$12,843,849",97.4%,"$339,577",2.6%
210,Le Sauvage,"$13,161,770",-,-,"$13,161,770",100%
211,Tokyo Tower,"$13,021,664",-,-,"$13,021,664",100%
212,Espace détente,"$12,859,369",-,-,"$12,859,369",100%
213,Aliens of the Deep,"$12,770,637","$8,968,684",70.2%,"$3,801,953",29.8%
214,One Missed Call 2,"$12,334,036",-,-,"$12,334,036",100%
215,My Big Fat Independent Movie,"$12,155,249","$4,655",<0.1%,"$12,150,594",100%
216,The Three Burials of Melquiades Estrada,"$12,045,362","$5,027,684",41.7%,"$7,017,678",58.3%
217,Shinobi: Heart Under Blade,"$11,987,868",-,-,"$11,987,868",100%
218,The Polar Express 2005 IMAX Release,"$11,910,480","$10,900,597",91.5%,"$1,009,883",8.5%
219,Empire of the Wolves,"$11,875,866",-,-,"$11,875,866",100%
220,Millions,"$11,782,282","$6,584,159",55.9%,"$5,198,123",44.1%
221,Sirens in the Aegean,"$11,680,950",-,-,"$11,680,950",100%
222,Shopgirl,"$11,675,161","$10,284,523",88.1%,"$1,390,638",11.9%
223,A Sound of Thunder,"$11,665,465","$1,900,451",16.3%,"$9,765,014",83.7%
224,The Squid and the Whale,"$11,098,131","$7,372,734",66.4%,"$3,725,397",33.6%
225,Tout pour plaire,"$11,026,871",-,-,"$11,026,871",100%
226,Rules of Dating,"$11,016,544",-,-,"$11,016,544",100%
227,The Beat That My Heart Skipped,"$10,988,397","$1,023,424",9.3%,"$9,964,973",90.7%
228,The Libertine,"$10,852,064","$4,835,065",44.6%,"$6,016,999",55.4%
229,She's on Duty,"$10,826,936",-,-,"$10,826,936",100%
230,Sophie Scholl: The Final Days,"$10,804,315","$680,331",6.3%,"$10,123,984",93.7%
231,Initial D,"$10,793,051",-,-,"$10,793,051",100%
232,The Great Raid,"$10,769,311","$10,167,373",94.4%,"$601,938",5.6%
233,Sky Fighters,"$10,720,864",-,-,"$10,720,864",100%
234,Saint-Jacques... La Mecque,"$10,638,650",-,-,"$10,638,650",100%
235,One Piece: Baron Omatsuri and the Secret Island,"$10,494,545",-,-,"$10,494,545",100%
236,Alone in the Dark,"$10,442,808","$5,178,569",49.6%,"$5,264,239",50.4%
237,In the Mix,"$10,223,896","$10,223,896",100%,-,-
238,Naruto the Movie 2: Legend of the Stone of Gelel,"$10,198,805",-,-,"$10,198,805",100%
239,Fullmetal Alchemist the Movie: Conqueror of Shamballa,"$10,197,984",-,-,"$10,197,984",100%
240,The Ice Harvest,"$10,156,968","$9,016,782",88.8%,"$1,140,186",11.2%
241,A Bittersweet Life,"$10,080,094",-,-,"$10,080,094",100%
242,Crying Fist,"$10,024,751",-,-,"$10,024,751",100%
243,Angel-A,"$9,995,168","$202,647",2%,"$9,792,521",98%
244,Kinky Boots,"$9,950,133","$1,822,428",18.3%,"$8,127,705",81.7%
245,The Samurai I Loved,"$9,910,280",-,-,"$9,910,280",100%
246,Tsotsi,"$9,891,303","$2,912,606",29.4%,"$6,978,697",70.6%
247,Snowy Love Fall in Spring,"$9,690,906",-,-,"$9,690,906",100%
248,The Little Polar Bear 2: The Mysterious Island,"$9,612,667",-,-,"$9,612,667",100%
249,Private,"$9,595,697","$15,811",0.2%,"$9,579,886",99.8%
250,Touch,"$9,439,192",-,-,"$9,439,192",100%
251,The 2 Sides of the Bed,"$9,398,647",-,-,"$9,398,647",100%
252,Salaam Namaste,"$9,289,939","$1,413,283",15.2%,"$7,876,656",84.8%
253,By the Pricking of My Thumbs,"$9,170,231",-,-,"$9,170,231",100%
254,Mad Hot Ballroom,"$9,079,042","$8,117,961",89.4%,"$961,081",10.6%
255,A Bold Family,"$8,828,738",-,-,"$8,828,738",100%
256,The Beast and the Beauty,"$8,666,859",-,-,"$8,666,859",100%
257,Boudu,"$8,568,040",-,-,"$8,568,040",100%
258,Die Wilden Kerle 2,"$8,499,237",-,-,"$8,499,237",100%
259,My Brother's Wife,"$8,492,178","$2,808,241",33.1%,"$5,683,937",66.9%
260,Stay,"$8,483,797","$3,626,883",42.8%,"$4,856,914",57.2%
261,Princesas,"$8,446,185","$29,472",0.3%,"$8,416,713",99.7%
262,Go for Zucker,"$8,394,115","$87,490",1%,"$8,306,625",99%
263,Siegfried,"$8,349,626",-,-,"$8,349,626",100%
264,Mangal Pandey: The Rising,"$8,142,076","$954,108",11.7%,"$7,187,968",88.3%
265,Boy s tenyu,"$8,120,875",-,-,"$8,120,875",100%
266,Romanzo Criminale,"$8,024,739",-,-,"$8,024,739",100%
267,Me and You and Everyone We Know,"$8,012,838","$3,885,134",48.5%,"$4,127,704",51.5%
268,The Red Shoes,"$7,853,740",-,-,"$7,853,740",100%
269,Felix - Ein Hase auf Weltreise,"$7,821,859",-,-,"$7,821,859",100%
270,The State Counsellor,"$7,726,507",-,-,"$7,726,507",100%
271,Rockman. EXE: The Program of Light and Darkness,"$7,606,778",-,-,"$7,606,778",100%
272,My Boyfriend Is Type-B,"$7,538,404",-,-,"$7,538,404",100%
273,Creep,"$7,480,424",-,-,"$7,480,424",100%
274,Melissa P.,"$7,450,832",-,-,"$7,450,832",100%
275,Eiga Futari wa Purikyua Max Heart,"$7,414,820",-,-,"$7,414,820",100%
276,Karol: A Man Who Became Pope,"$7,367,476",-,-,"$7,367,476",100%
277,Mobile Suit Z Gundam: A New Translation - Heirs to the Stars,"$7,313,197",-,-,"$7,313,197",100%
278,Sad Movie,"$7,034,164",-,-,"$7,034,164",100%
279,Innocent Voices,"$7,015,131","$837,878",11.9%,"$6,177,253",88.1%
280,A Christmoose Carol,"$6,960,028",-,-,"$6,960,028",100%
281,A Good Woman,"$6,878,433","$238,609",3.5%,"$6,639,824",96.5%
282,Bee Season,"$6,856,989","$1,180,560",17.2%,"$5,676,429",82.8%
283,Love in Magic,"$6,830,664",-,-,"$6,830,664",100%
284,The Aristocrats,"$6,809,089","$6,377,461",93.7%,"$431,628",6.3%
285,How Much Do You Love Me?,"$6,771,085",-,-,"$6,771,085",100%
286,Revolver,"$6,727,187",-,-,"$6,727,187",100%
287,Fragile,"$6,680,926",-,-,"$6,680,926",100%
288,The Myth,"$6,669,097",-,-,"$6,669,097",100%
289,Velvet Revolution,"$6,630,285",-,-,"$6,630,285",100%
290,The Dark,"$6,593,579",-,-,"$6,593,579",100%
291,Cracked Eggs and Noodles,"$6,562,975",-,-,"$6,562,975",100%
292,Lassie,"$6,442,854","$652,163",10.1%,"$5,790,691",89.9%
293,The Secret Life of Words,"$6,410,058","$20,678",0.3%,"$6,389,380",99.7%
294,Heaven's Soldiers,"$6,407,161",-,-,"$6,407,161",100%
295,Mr. Socrates,"$6,380,429",-,-,"$6,380,429",100%
296,El penalti más largo del mundo,"$6,378,562",-,-,"$6,378,562",100%
297,The Chorus 2005 Re-release,"$6,353,810","$1,548,036",24.4%,"$4,805,774",75.6%
298,A Heartful of Love,"$6,351,644",-,-,"$6,351,644",100%
299,Duelist,"$6,324,945",-,-,"$6,324,945",100%
300,Anthony Zimmer,"$6,306,533",-,-,"$6,306,533",100%
301,The Men at That Time,"$6,277,998",-,-,"$6,277,998",100%
302,Happily Ever After,"$6,204,504","$252,379",4.1%,"$5,952,125",95.9%
303,Wet Dreams 2,"$6,155,013",-,-,"$6,155,013",100%
304,L'ex-femme de ma vie,"$6,138,673",-,-,"$6,138,673",100%
305,"Hello, Brother","$6,045,108",-,-,"$6,045,108",100%
306,Il ne faut jurer... de rien!,"$6,019,125",-,-,"$6,019,125",100%
307,Don't Tell,"$5,923,415","$29,015",0.5%,"$5,894,400",99.5%
308,Underclassman,"$5,879,555","$5,655,459",96.2%,"$224,096",3.8%
309,"One Stays, the Other Leaves","$5,817,038",-,-,"$5,817,038",100%
310,7 Virgins,"$5,676,195",-,-,"$5,676,195",100%
311,Il était une fois dans l'oued,"$5,611,887",-,-,"$5,611,887",100%
312,Antarctic Journal,"$5,568,811",-,-,"$5,568,811",100%
313,Deewane Huye Paagal,"$5,544,538","$364,357",6.6%,"$5,180,181",93.4%
314,The Child,"$5,507,396","$651,941",11.8%,"$4,855,455",88.2%
315,Peter Pan 2: Return to Never Land 2005 Re-release,"$5,259,299",-,-,"$5,259,299",100%
316,L'antidote,"$5,194,913",-,-,"$5,194,913",100%
317,Never to Lose,"$5,129,751",-,-,"$5,129,751",100%
318,NVA,"$5,128,614",-,-,"$5,128,614",100%
319,Pettson & Findus - Tomtemaskinen,"$5,115,606",-,-,"$5,115,606",100%
320,Princess Aurora,"$5,081,114",-,-,"$5,081,114",100%
321,What the #$*! Do We (K)now!? 2005 Re-release,"$5,055,872",-,-,"$5,055,872",100%
322,The Proposition,"$5,048,693","$1,903,434",37.7%,"$3,145,259",62.3%
323,To Paint or Make Love,"$4,934,181",-,-,"$4,934,181",100%
324,The Ax,"$4,885,946",-,-,"$4,885,946",100%
325,Into Great Silence,"$4,857,107","$790,452",16.3%,"$4,066,655",83.7%
326,Enron: The Smartest Guys in the Room,"$4,854,164","$4,071,700",83.9%,"$782,464",16.1%
327,Water,"$4,842,898","$2,250,329",46.5%,"$2,592,569",53.5%
328,About the Looking for and the Finding of Love,"$4,794,490",-,-,"$4,794,490",100%
329,Lee Dae-ro Can't Die,"$4,736,013",-,-,"$4,736,013",100%
330,Robbery Alla Turca,"$4,676,537",-,-,"$4,676,537",100%
331,Don't Come Knocking,"$4,663,501","$440,793",9.5%,"$4,222,708",90.5%
332,Chousei Kantai Sazer-X the Movie: Fight! Star Warriors,"$4,662,385",-,-,"$4,662,385",100%
333,Rize,"$4,646,889","$3,336,391",71.8%,"$1,310,498",28.2%
334,La seconda notte di nozze,"$4,393,579",-,-,"$4,393,579",100%
335,Mama Jack,"$4,357,657",-,-,"$4,357,657",100%
336,Les parrains,"$4,334,480",-,-,"$4,334,480",100%
337,Olé!,"$4,305,130",-,-,"$4,305,130",100%
338,Lovelorn,"$4,292,734",-,-,"$4,292,734",100%
339,Blind Man's Bluff,"$4,180,000",-,-,"$4,180,000",100%
340,Hide and Seek 2005 Re-release,"$4,165,061",-,-,"$4,165,061",100%
341,King's Ransom,"$4,143,652","$4,008,527",96.7%,"$135,125",3.3%
342,Edison,"$4,143,414",-,-,"$4,143,414",100%
343,Talk to Her 2005 Re-release,"$4,136,160",-,-,"$4,136,160",100%
344,The Miracle of the Gifted Quarter: Since It Is the Truth,"$4,133,788",-,-,"$4,133,788",100%
345,The White Countess,"$4,092,682","$1,669,971",40.8%,"$2,422,711",59.2%
346,Ubume no natsu,"$4,066,218",-,-,"$4,066,218",100%
347,Grizzly Man,"$4,061,305","$3,178,403",78.3%,"$882,902",21.7%
348,Sacred Heart,"$3,992,302",-,-,"$3,992,302",100%
349,Le petit lieutenant,"$3,984,265","$216,724",5.4%,"$3,767,541",94.6%
350,The Last Mitterrand,"$3,979,988",-,-,"$3,979,988",100%
351,Mobile Suit Z Gundam 2: A New Translation - Lovers,"$3,959,662",-,-,"$3,959,662",100%
352,Breakfast on Pluto,"$3,942,254","$828,699",21%,"$3,113,555",79%
353,Mrs. Palfrey at the Claremont,"$3,919,275","$1,720,953",43.9%,"$2,198,322",56.1%
354,I giorni dell'abbandono,"$3,822,209",-,-,"$3,822,209",100%
355,Green Street Hooligans,"$3,814,717","$346,830",9.1%,"$3,467,887",90.9%
356,La febbre,"$3,813,551",-,-,"$3,813,551",100%
357,Before the Fall,"$3,764,219","$144,254",3.8%,"$3,619,965",96.2%
358,Shadowless Sword,"$3,763,375",-,-,"$3,763,375",100%
359,Habana Blues,"$3,699,807",-,-,"$3,699,807",100%
360,Live and Become,"$3,691,534",-,-,"$3,691,534",100%
361,"Fly, Daddy, Fly","$3,662,692",-,-,"$3,662,692",100%
362,Maskeli besler,"$3,653,666",-,-,"$3,653,666",100%
363,Housewarming,"$3,640,240",-,-,"$3,640,240",100%
364,Camarón: When Flamenco Became Legend,"$3,623,133",-,-,"$3,623,133",100%
365,Papá se volvió loco,"$3,604,553",-,-,"$3,604,553",100%
366,Everything Is Illuminated,"$3,601,974","$1,712,337",47.5%,"$1,889,637",52.5%
367,Lemming,"$3,580,017","$81,698",2.3%,"$3,498,319",97.7%
368,Paradise Now,"$3,579,902","$1,457,843",40.7%,"$2,122,059",59.3%
369,Man to Man,"$3,532,838",-,-,"$3,532,838",100%
370,Booha,"$3,532,077",-,-,"$3,532,077",100%
371,The Holy Man,"$3,500,800",-,-,"$3,500,800",100%
372,Where the Truth Lies,"$3,487,678","$872,142",25%,"$2,615,536",75%
373,Seven Swords,"$3,473,290",-,-,"$3,473,290",100%
374,The Method,"$3,470,651","$7,017",0.2%,"$3,463,634",99.8%
375,The Long Weekend,"$3,467,374","$1,286",<0.1%,"$3,466,088",100%
376,Separate Lies,"$3,452,023","$924,260",26.8%,"$2,527,763",73.2%
377,The Twins,"$3,445,824",-,-,"$3,445,824",100%
378,The Cave of the Yellow Dog,"$3,417,511","$141,803",4.1%,"$3,275,708",95.9%
379,Junebug,"$3,399,228","$2,678,691",78.8%,"$720,537",21.2%
380,Bunty Aur Babli,"$3,370,142","$942,756",28%,"$2,427,386",72%
381,Supercross,"$3,344,431","$3,102,550",92.8%,"$241,881",7.2%
382,Love Me Tomorrow,"$3,302,433",-,-,"$3,302,433",100%
383,Bluff Master,"$3,289,047","$722,847",22%,"$2,566,200",78%
384,Il ritorno del Monnezza,"$3,273,446",-,-,"$3,273,446",100%
385,Little Fish,"$3,248,506","$8,148",0.3%,"$3,240,358",99.7%
386,Queens,"$3,245,067","$140,417",4.3%,"$3,104,650",95.7%
387,Het schnitzelparadijs,"$3,243,712",-,-,"$3,243,712",100%
388,Yaji and Kita: The Midnight Pilgrims,"$3,225,727",-,-,"$3,225,727",100%
389,The Wild Parrots of Telegraph Hill,"$3,218,709","$3,058,527",95%,"$160,182",5%
390,The Black Box,"$3,116,667",-,-,"$3,116,667",100%
391,Winky's Horse,"$3,074,503",-,-,"$3,074,503",100%
392,The Embassy in the Building,"$3,060,068",-,-,"$3,060,068",100%
393,Blue Swallow,"$3,054,367",-,-,"$3,054,367",100%
394,The Moustache,"$3,044,771","$244,771",8%,"$2,800,000",92%
395,G,"$3,020,784","$3,020,784",100%,-,-
396,Elsa & Fred,"$2,985,837","$189,024",6.3%,"$2,796,813",93.7%
397,Darwin's Nightmare,"$2,981,713","$203,746",6.8%,"$2,777,967",93.2%
398,Döngel Kârhanesi,"$2,948,304",-,-,"$2,948,304",100%
399,Grey Souls,"$2,922,637",-,-,"$2,922,637",100%
400,Voice,"$2,920,187",-,-,"$2,920,187",100%
401,In His Hands,"$2,905,302",-,-,"$2,905,302",100%
402,Ma quando arrivano le ragazze?,"$2,904,057",-,-,"$2,904,057",100%
403,Time to Leave,"$2,893,462","$117,686",4.1%,"$2,775,776",95.9%
404,Azumi 2: Death or Love,"$2,888,549",-,-,"$2,888,549",100%
405,Mother of Mine,"$2,851,888",-,-,"$2,851,888",100%
406,Gabrielle,"$2,775,311","$332,829",12%,"$2,442,482",88%
407,Kameleon 2,"$2,733,118",-,-,"$2,733,118",100%
408,Zoop in Afrika,"$2,719,805",-,-,"$2,719,805",100%
409,Factotum,"$2,708,087","$808,221",29.8%,"$1,899,866",70.2%
410,Le parfum de la dame en noir,"$2,676,049",-,-,"$2,676,049",100%
411,Borrowed Bride,"$2,670,311",-,-,"$2,670,311",100%
412,Nochnoy prodavets,"$2,623,536",-,-,"$2,623,536",100%
413,Gallipoli,"$2,609,078",-,-,"$2,609,078",100%
414,Perhaps Love,"$2,604,414",-,-,"$2,604,414",100%
415,Wait 'Til You're Older,"$2,587,093",-,-,"$2,587,093",100%
416,Wedding Campaign,"$2,561,923",-,-,"$2,561,923",100%
417,Ma vie en l'air,"$2,553,520",-,-,"$2,553,520",100%
418,Eiga futari wa purikyua max heart 2: Yuki-zora no tomodati,"$2,547,131",-,-,"$2,547,131",100%
419,The Business,"$2,541,675",-,-,"$2,541,675",100%
420,Daddy-Long-Legs,"$2,534,233",-,-,"$2,534,233",100%
421,Offside,"$2,515,308",-,-,"$2,515,308",100%
422,Fateless,"$2,512,009","$196,857",7.8%,"$2,315,152",92.2%
423,"Semen, a Love Sample","$2,491,557",-,-,"$2,491,557",100%
424,Look Both Ways,"$2,490,011","$105,067",4.2%,"$2,384,944",95.8%
425,Last Days,"$2,456,454","$463,080",18.9%,"$1,993,374",81.1%
426,Côte d'Azur,"$2,447,211","$141,039",5.8%,"$2,306,172",94.2%
427,Obaba,"$2,434,701",-,-,"$2,434,701",100%
428,"Quo Vadis, Baby?","$2,427,038",-,-,"$2,427,038",100%
429,The League of Gentlemen's Apocalypse,"$2,424,174",-,-,"$2,424,174",100%
430,Adam's Apples,"$2,421,577","$1,305",<0.1%,"$2,420,272",99.9%
431,Paheli,"$2,415,975","$1,409,499",58.3%,"$1,006,476",41.7%
432,Waqt: The Race Against Time,"$2,395,616","$815,064",34%,"$1,580,552",66%
433,Cose da pazzi,"$2,384,156",-,-,"$2,384,156",100%
434,Yam yasothon,"$2,374,300",-,-,"$2,374,300",100%
435,The Eye 3,"$2,356,387",-,-,"$2,356,387",100%
436,The Truth About Love,"$2,298,345",-,-,"$2,298,345",100%
437,Pobeg,"$2,219,534",-,-,"$2,219,534",100%
438,Election,"$2,191,782",-,-,"$2,191,782",100%
439,Let's Be Friends,"$2,186,830",-,-,"$2,186,830",100%
440,FC Venus,"$2,163,957",-,-,"$2,163,957",100%
441,La terza stella,"$2,146,864",-,-,"$2,146,864",100%
442,Thumbsucker,"$2,138,742","$1,328,679",62.1%,"$810,063",37.9%
443,"Bravo, My Life!","$2,137,265",-,-,"$2,137,265",100%
444,SOS: The Bunnyguards on Board,"$2,130,821",-,-,"$2,130,821",100%
445,Until the Lights Come Back,"$2,101,308",-,-,"$2,101,308",100%
446,Garam Masala,"$2,091,698","$1,007,943",48.2%,"$1,083,755",51.8%
447,On Probation,"$2,070,161",-,-,"$2,070,161",100%
448,Viruddh... Family Comes First,"$2,048,588","$327,615",16%,"$1,720,973",84%
449,From Subway with Love,"$2,047,253",-,-,"$2,047,253",100%
450,Dragon Reloaded,"$2,030,811",-,-,"$2,030,811",100%
451,Papa,"$2,029,957",-,-,"$2,029,957",100%
452,The Work and the Glory II: American Zion,"$2,025,032","$2,025,032",100%,-,-
453,The Bow,"$2,021,070",-,-,"$2,021,070",100%
454,Himalaya Singh,"$2,000,436",-,-,"$2,000,436",100%
455,Not Here to Be Loved,"$1,937,678",-,-,"$1,937,678",100%
456,Pearn Snith,"$1,904,000",-,-,"$1,904,000",100%
457,Viva Zapatero!,"$1,900,169",-,-,"$1,900,169",100%
458,Scary Hair,"$1,899,371",-,-,"$1,899,371",100%
459,Secuestro express,"$1,898,606","$307,208",16.2%,"$1,591,398",83.8%
460,L'uomo perfetto,"$1,881,273",-,-,"$1,881,273",100%
461,Plop en het vioolavontuur,"$1,872,538",-,-,"$1,872,538",100%
462,High Sea Warning,"$1,833,360",-,-,"$1,833,360",100%
463,Cinderella 2005 Re-release,"$1,821,201",-,-,"$1,821,201",100%
464,Camping à la ferme,"$1,820,431",-,-,"$1,820,431",100%
465,Too Fat Too Furious,"$1,818,884",-,-,"$1,818,884",100%
466,Sans Kapiyi Kirinca,"$1,810,249",-,-,"$1,810,249",100%
467,The Aura,"$1,805,261","$58,804",3.3%,"$1,746,457",96.7%
468,Oyster Farmer,"$1,801,199","$15,456",0.9%,"$1,785,743",99.1%
469,Zaki Chan,"$1,782,579",-,-,"$1,782,579",100%
470,Once You're Born You Can No Longer Hide,"$1,780,221",-,-,"$1,780,221",100%
471,Zerkalnye voyny. Otrazhenie pervoe,"$1,772,084",-,-,"$1,772,084",100%
472,Un rey en La Habana,"$1,770,110",-,-,"$1,770,110",100%
473,37 1/2,"$1,761,760",-,-,"$1,761,760",100%
474,Dungeons & Dragons: Wrath of the Dragon God,"$1,754,219",-,-,"$1,754,219",100%
475,Murderball,"$1,750,211","$1,531,154",87.5%,"$219,057",12.5%
476,Finding Friends,"$1,711,995",-,-,"$1,711,995",100%
477,Buppah Rahtree Phase 2: Rahtree Returns,"$1,708,500",-,-,"$1,708,500",100%
478,Frozen Land,"$1,693,918",-,-,"$1,693,918",100%
479,State Property: Blood on the Streets,"$1,691,706","$1,691,706",100%,-,-
480,El vacilón: The Movie,"$1,690,929","$1,291,951",76.4%,"$398,978",23.6%
481,Dumber Heroes,"$1,677,500",-,-,"$1,677,500",100%
482,Happy Endings,"$1,673,288","$1,315,701",78.6%,"$357,587",21.4%
483,Either Me or My Auntie,"$1,670,451",-,-,"$1,670,451",100%
484,Dear Frankie,"$1,656,829","$18,025",1.1%,"$1,638,804",98.9%
485,Asylum,"$1,644,363","$375,403",22.8%,"$1,268,960",77.2%
486,Things to Do Before You're 30,"$1,642,366",-,-,"$1,642,366",100%
487,Gruesome School Trip,"$1,625,033",-,-,"$1,625,033",100%
488,Come Into the Light,"$1,609,186",-,-,"$1,609,186",100%
489,Pitbullterje,"$1,600,657",-,-,"$1,600,657",100%
490,It's All Gone Pete Tong,"$1,591,879","$120,620",7.6%,"$1,471,259",92.4%
491,Nine Lives,"$1,591,523","$478,830",30.1%,"$1,112,693",69.9%
492,"Jenny, Juno","$1,575,871",-,-,"$1,575,871",100%
493,Ushpizin,"$1,565,016","$1,400,666",89.5%,"$164,350",10.5%
494,Parineeta,"$1,558,018","$802,758",51.5%,"$755,260",48.5%
495,Le cactus 2005 Re-release,"$1,540,224",-,-,"$1,540,224",100%
496,Drink-Drank-Drunk,"$1,526,850",-,-,"$1,526,850",100%
497,Mysterious Skin,"$1,524,966","$713,240",46.8%,"$811,726",53.2%
498,The Syrian Bride,"$1,522,967","$380,505",25%,"$1,142,462",75%
499,Pervyy posle Boga,"$1,508,040",-,-,"$1,508,040",100%
500,All About Love,"$1,479,325",-,-,"$1,479,325",100%
501,House of Fury,"$1,447,976",-,-,"$1,447,976",100%
502,Hating Alison Ashley,"$1,441,049",-,-,"$1,441,049",100%
503,Izzat,"$1,433,507",-,-,"$1,433,507",100%
504,Lepel,"$1,430,478",-,-,"$1,430,478",100%
505,Abo Ali,"$1,412,978",-,-,"$1,412,978",100%
506,Bombón: El Perro,"$1,412,753","$19,791",1.4%,"$1,392,962",98.6%
507,Saint Ralph,"$1,410,952","$489,389",34.7%,"$921,563",65.3%
508,Doraemon: Nobita and the Wind Wizard 2005 Re-release,"$1,401,849",-,-,"$1,401,849",100%
509,Makoto,"$1,398,658",-,-,"$1,398,658",100%
510,The Children,"$1,398,027",-,-,"$1,398,027",100%
511,In the Bedroom 2005 Re-release,"$1,394,402",-,-,"$1,394,402",100%
512,Something Like Happiness,"$1,377,609",-,-,"$1,377,609",100%
513,Tommys Inferno,"$1,366,948",-,-,"$1,366,948",100%
514,The Desperate Nine,"$1,352,251",-,-,"$1,352,251",100%
515,Being Cyrus,"$1,346,591","$100,184",7.4%,"$1,246,407",92.6%
516,Sea of Dreams,"$1,338,939",-,-,"$1,338,939",100%
517,Sarah Silverman: Jesus Is Magic,"$1,333,799","$1,324,339",99.3%,"$9,460",0.7%
518,Ballets Russes,"$1,331,363","$815,848",61.3%,"$515,515",38.7%
519,A Chinese Tall Story,"$1,329,954",-,-,"$1,329,954",100%
520,2 Young,"$1,327,804",-,-,"$1,327,804",100%
521,Off the Map,"$1,319,492","$1,317,167",99.8%,"$2,325",0.2%
522,Heights,"$1,306,281","$1,160,817",88.9%,"$145,464",11.1%
523,Harb Atalia,"$1,281,783",-,-,"$1,281,783",100%
524,Naboer,"$1,277,769",-,-,"$1,277,769",100%
525,Ot 180 i vyshe,"$1,274,435",-,-,"$1,274,435",100%
526,Takeshis',"$1,270,717",-,-,"$1,270,717",100%
527,Black 2005 Re-release,"$1,263,200","$754,819",59.8%,"$508,381",40.2%
528,Bewafaa,"$1,258,036","$670,076",53.3%,"$587,960",46.7%
529,Dans tes rêves,"$1,247,034",-,-,"$1,247,034",100%
530,La cloche a sonné,"$1,238,324",-,-,"$1,238,324",100%
531,Saving Face,"$1,236,518","$1,187,266",96%,"$49,252",4%
532,Santa vs. the Snowman 3D 2005 Re-release,"$1,222,538","$1,222,538",100%,-,-
533,Promise,"$1,216,995",-,-,"$1,216,995",100%
534,Moonlight in Tokyo,"$1,208,806",-,-,"$1,208,806",100%
535,No Entry,"$1,197,530","$678,000",56.6%,"$519,530",43.4%
536,Hanuman,"$1,194,494",-,-,"$1,194,494",100%
537,Indigo,"$1,190,000","$1,190,000",100%,-,-
538,My Angel,"$1,185,854",-,-,"$1,185,854",100%
539,"Tu vas rire, mais je te quitte","$1,182,141",-,-,"$1,182,141",100%
540,Little Manhattan,"$1,172,444","$385,373",32.9%,"$787,071",67.1%
541,L'anniversaire,"$1,144,090",-,-,"$1,144,090",100%
542,Beauty and the Bastard,"$1,125,323",-,-,"$1,125,323",100%
543,Man-Thing,"$1,123,136",-,-,"$1,123,136",100%
544,Mom,"$1,100,709",-,-,"$1,100,709",100%
545,Mean Spirit 2005 Re-release,"$1,100,656",-,-,"$1,100,656",100%
546,Passo a due,"$1,095,565",-,-,"$1,095,565",100%
547,Au suivant!,"$1,095,027",-,-,"$1,095,027",100%
548,Midsummer Dream,"$1,086,122",-,-,"$1,086,122",100%
549,Undiscovered,"$1,082,784","$1,069,318",98.8%,"$13,466",1.2%
550,Turtles Can Fly,"$1,075,553","$258,578",24%,"$816,975",76%
551,L'amour aux trousses,"$1,052,861",-,-,"$1,052,861",100%
552,On a Clear Day,"$1,017,257","$191,033",18.8%,"$826,224",81.2%
553,Art of the Devil 2,"$1,013,339",-,-,"$1,013,339",100%
554,Off Screen,"$998,041",-,-,"$998,041",100%
555,Sayed el atifi,"$997,008",-,-,"$997,008",100%
556,Duma,"$994,790","$870,067",87.5%,"$124,723",12.5%
557,First Descent,"$988,368","$750,805",76%,"$237,563",24%
558,Seoul Raiders,"$965,110",-,-,"$965,110",100%
559,Kebab Connection,"$960,570",-,-,"$960,570",100%
560,Wrong Side Up,"$955,097",-,-,"$955,097",100%
561,Kill Zone,"$954,211",-,-,"$954,211",100%
562,A Boy Who Went to Heaven,"$949,293",-,-,"$949,293",100%
563,Sharks 3D,"$940,361",-,-,"$940,361",100%
564,L'avion,"$934,681",-,-,"$934,681",100%
565,The Art of Breaking Up,"$933,778",-,-,"$933,778",100%
566,Maine Pyaar Kyun Kiya,"$932,184",-,-,"$932,184",100%
567,"Smalltown, Italy","$923,555",-,-,"$923,555",100%
568,The Fisherman and His Wife,"$917,923",-,-,"$917,923",100%
569,The Ballad of Jack and Rose,"$916,051","$712,275",77.8%,"$203,776",22.2%
570,Le cactus,"$915,875",-,-,"$915,875",100%
571,In the Jail Now,"$914,304",-,-,"$914,304",100%
572,Too Beautiful,"$903,391",-,-,"$903,391",100%
573,Lucky: No Time for Love,"$891,789","$453,507",50.9%,"$438,282",49.1%
574,Antibodies,"$891,133",-,-,"$891,133",100%
575,Venom,"$881,779","$881,779",100%,-,-
576,Tatiana,"$880,067",-,-,"$880,067",100%
577,Necromancer,"$879,300",-,-,"$879,300",100%
578,Crazy N' the City,"$877,803",-,-,"$877,803",100%
579,Tara Road,"$875,898",-,-,"$875,898",100%
580,Cherm,"$874,800",-,-,"$874,800",100%
581,Three Dollars,"$872,846",-,-,"$872,846",100%
582,Mirrormask,"$866,999","$866,999",100%,-,-
583,Ginger Snaps 2: Unleashed 2005 Re-release,"$863,253",-,-,"$863,253",100%
584,El calentito,"$856,649",-,-,"$856,649",100%
585,Private Alexandria,"$854,468",-,-,"$854,468",100%
586,Ze film,"$847,646",-,-,"$847,646",100%
587,Le plus beau jour de ma vie,"$838,859",-,-,"$838,859",100%
588,Ghost Variety,"$834,200",-,-,"$834,200",100%
589,Doblba!,"$830,856",-,-,"$830,856",100%
590,Mary,"$827,179",-,-,"$827,179",100%
591,The Thing About My Folks,"$823,337","$816,403",99.2%,"$6,934",0.8%
592,Call Me Genie,"$821,078",-,-,"$821,078",100%
593,Chok-Dee,"$812,120",-,-,"$812,120",100%
594,Fin de curso,"$808,100",-,-,"$808,100",100%
595,Divergence,"$807,949",-,-,"$807,949",100%
596,Seven Street Fighters,"$796,100",-,-,"$796,100",100%
597,The Last Sign,"$789,713",-,-,"$789,713",100%
598,Shades of Happiness,"$780,158",-,-,"$780,158",100%
599,Gentille,"$780,085",-,-,"$780,085",100%
600,Too Beautiful to Lie,"$778,400",-,-,"$778,400",100%
601,"The Prince of Tennis: Two Samurais, the First Game","$770,593",-,-,"$770,593",100%
602,Blessed by Fire,"$770,585",-,-,"$770,585",100%
603,The Passenger 2005 Re-release,"$751,607","$620,155",82.5%,"$131,452",17.5%
604,Cronicas,"$749,607","$300,322",40.1%,"$449,285",59.9%
605,Under the Same Moon,"$749,151",-,-,"$749,151",100%
606,The Beat That My Heart Skipped 2005 Re-release,"$745,401",-,-,"$745,401",100%
607,Eyal Habibah,"$744,559",-,-,"$744,559",100%
608,C.S.A.: The Confederate States of America,"$744,165","$672,156",90.3%,"$72,009",9.7%
609,The Absent,"$740,222",-,-,"$740,222",100%
610,Istanbul Tales,"$739,855",-,-,"$739,855",100%
611,Ghawy Hob,"$738,458",-,-,"$738,458",100%
612,Don't Cry Mommy 2,"$734,890",-,-,"$734,890",100%
613,Kung Fu Mahjong,"$734,141",-,-,"$734,141",100%
614,The Nun,"$730,022",-,-,"$730,022",100%
615,El Sayed Abo El Araby Wasal,"$724,219",-,-,"$724,219",100%
616,The Importance of Being Earnest 2005 Re-release,"$718,655",-,-,"$718,655",100%
617,Kamenák 3,"$713,325",-,-,"$713,325",100%
618,O Crime do Padre Amaro,"$713,099",-,-,"$713,099",100%
619,Dead End 2005 Re-release,"$710,433",-,-,"$710,433",100%
620,Inside Deep Throat,"$709,832","$691,880",97.5%,"$17,952",2.5%
621,Kaal,"$709,777","$345,091",48.6%,"$364,686",51.4%
622,Palindromes,"$707,269","$553,368",78.2%,"$153,901",21.8%
623,Crossing the Bridge: The Sound of Istanbul,"$704,094","$70,685",10%,"$633,409",90%
624,Dreaming of Space,"$696,681",-,-,"$696,681",100%
625,Red Eye,"$693,832",-,-,"$693,832",100%
626,"The Prize Winner of Defiance, Ohio","$689,028","$627,844",91.1%,"$61,184",8.9%
627,Mob Sister,"$678,034",-,-,"$678,034",100%
628,Manderlay,"$674,918","$78,378",11.6%,"$596,540",88.4%
629,Leef!,"$667,160",-,-,"$667,160",100%
630,Balzac and the Little Chinese Seamstress 2005 Re-release,"$666,327","$666,327",100%,-,-
631,Andaman Girl,"$665,300",-,-,"$665,300",100%
632,Some Kind of Blue,"$661,951",-,-,"$661,951",100%
633,Yes,"$661,946","$396,760",59.9%,"$265,186",40.1%
634,Premonition,"$652,525",-,-,"$652,525",100%
635,Dust to Glory,"$640,013","$640,013",100%,-,-
636,The Days of Noah,"$639,101",-,-,"$639,101",100%
637,Whisky,"$633,761",-,-,"$633,761",100%
638,Avant qu'il ne soit trop tard,"$627,843",-,-,"$627,843",100%
639,The Queen of Sheba's Pearls,"$622,752",-,-,"$622,752",100%
640,Karim's Harem,"$611,184",-,-,"$611,184",100%
641,Wolf,"$610,718",-,-,"$610,718",100%
642,Gunner Palace,"$607,844","$607,844",100%,-,-
643,Dear Wendy,"$607,229","$23,106",3.8%,"$584,123",96.2%
644,The Tin Mine,"$604,100",-,-,"$604,100",100%
645,Nina's House,"$595,794",-,-,"$595,794",100%
646,Hell,"$595,618",-,-,"$595,618",100%
647,A Sublime Love Story: Barsaat,"$595,389",-,-,"$595,389",100%
648,Born to Fight,"$583,521",-,-,"$583,521",100%
649,Three Times,"$581,875","$151,922",26.1%,"$429,953",73.9%
650,The Velvet Murderers,"$580,617",-,-,"$580,617",100%
651,Wai Onlawon 4: Tum + Oh Return,"$576,700",-,-,"$576,700",100%
652,Bullet Boy,"$572,990",-,-,"$572,990",100%
653,The Girl from the Chartreuse,"$569,347",-,-,"$569,347",100%
654,The Passion of the Christ Recut Release,"$567,692","$508,326",89.5%,"$59,366",10.5%
655,AV,"$561,997",-,-,"$561,997",100%
656,Ten,"$558,160",-,-,"$558,160",100%
657,Tony Takitani,"$556,268","$129,783",23.3%,"$426,485",76.7%
658,Zim and Co.,"$552,259",-,-,"$552,259",100%
659,Bosta,"$552,007",-,-,"$552,007",100%
660,Home Sweet Home,"$547,359",-,-,"$547,359",100%
661,Nèg maron,"$544,536",-,-,"$544,536",100%
662,Cold Showers,"$538,208",-,-,"$538,208",100%
663,Lila dit ça,"$537,871","$121,365",22.6%,"$416,506",77.4%
664,Kids in America,"$537,667","$537,667",100%,-,-
665,Pretty Persuasion,"$537,126","$305,800",56.9%,"$231,326",43.1%
666,Shadow of the Eagle,"$536,737",-,-,"$536,737",100%
667,Whisky Romeo Zulu,"$530,875",-,-,"$530,875",100%
668,Madison,"$517,262","$517,262",100%,-,-
669,Skazany na bluesa,"$514,587",-,-,"$514,587",100%
670,Idiot Love,"$513,465",-,-,"$513,465",100%
671,Hell,"$512,900",-,-,"$512,900",100%
672,The Bathroom,"$510,916",-,-,"$510,916",100%
673,Cavalcade,"$507,886",-,-,"$507,886",100%
674,An Angel of the Lord,"$502,606",-,-,"$502,606",100%
675,Shaadi No. 1,"$502,389","$336,772",67%,"$165,617",33%
676,The Collector,"$496,454",-,-,"$496,454",100%
677,The Extra,"$496,298",-,-,"$496,298",100%
678,Kisna: The Warrior Poet,"$485,613","$147,000",30.3%,"$338,613",69.7%
679,Scared,"$485,200",-,-,"$485,200",100%
680,Bibi Blocksberg and the Secret of Blue Owls 2005 Re-release,"$478,231",-,-,"$478,231",100%
681,Dalecarlians,"$466,835",-,-,"$466,835",100%
682,Kyon Ki...,"$466,647",-,-,"$466,647",100%
683,Piet Piraat en de betoverde kroon,"$464,941",-,-,"$464,941",100%
684,Otros días vendrán,"$461,018",-,-,"$461,018",100%
685,Une aventure,"$459,302",-,-,"$459,302",100%
686,Pitbull,"$458,874",-,-,"$458,874",100%
687,The Memory of a Killer 2005 Re-release,"$458,042","$333,707",72.9%,"$124,335",27.1%
688,Mickybo and Me,"$456,150",-,-,"$456,150",100%
689,Honey Donuts,"$455,050",-,-,"$455,050",100%
690,All About My Dog,"$454,005",-,-,"$454,005",100%
691,The Clan,"$453,363",-,-,"$453,363",100%
692,You and Your Stupid Mate,"$453,245",-,-,"$453,245",100%
693,Manga,"$452,507",-,-,"$452,507",100%
694,Heroína,"$445,950",-,-,"$445,950",100%
695,Imposture,"$444,669",-,-,"$444,669",100%
696,The Beautiful Country 2005 Re-release,"$442,813","$442,813",100%,-,-
697,Enta omry,"$437,213",-,-,"$437,213",100%
698,The Wayward Cloud,"$435,251",-,-,"$435,251",100%
699,The Wedding Party,"$433,304",-,-,"$433,304",100%
700,La petite Jérusalem,"$431,623","$53,580",12.4%,"$378,043",87.6%
701,Le courage d'aimer,"$427,790",-,-,"$427,790",100%
702,The Demon Stirs,"$425,367",-,-,"$425,367",100%
703,Ahlam omrena,"$424,335",-,-,"$424,335",100%
704,Der Clown,"$422,173",-,-,"$422,173",100%
705,20 Centimeters,"$422,000",-,-,"$422,000",100%
706,Malesh Ehna Benetbahdel,"$417,909",-,-,"$417,909",100%
707,Infernal Affairs III 2005 Re-release,"$417,635",-,-,"$417,635",100%
708,The Lord of the Rings: The Return of the King 2005 Re-release,"$411,329",-,-,"$411,329",100%
709,Free Zone,"$410,392","$32,381",7.9%,"$378,011",92.1%
710,Mobsters and Mormons,"$409,604","$409,604",100%,-,-
711,"Zaïna, cavalière de l'Atlas","$409,308",-,-,"$409,308",100%
712,Slim Till Dead,"$408,398",-,-,"$408,398",100%
713,Pardon,"$405,002",-,-,"$405,002",100%
714,Chang hen ge,"$403,475",-,-,"$403,475",100%
715,A Wake in Providence,"$403,069","$403,069",100%,-,-
716,Quartier V.I.P.,"$399,295",-,-,"$399,295",100%
717,Skrítek,"$394,766",-,-,"$394,766",100%
718,Keane,"$394,390","$33,256",8.4%,"$361,134",91.6%
719,Live-In Maid,"$393,428",-,-,"$393,428",100%
720,House of D,"$389,199","$388,532",99.8%,$667,0.2%
721,The Game of Their Lives,"$388,998","$375,750",96.6%,"$13,248",3.4%
722,Tutti all'attacco,"$380,841",-,-,"$380,841",100%
723,Havoc,"$371,000",-,-,"$371,000",100%
724,The Big White,"$367,241",-,-,"$367,241",100%
725,The Heirloom,"$361,080",-,-,"$361,080",100%
726,Csudafilm,"$360,129",-,-,"$360,129",100%
727,Akoibon,"$357,848",-,-,"$357,848",100%
728,"Un vrai bonheur, le film","$354,139",-,-,"$354,139",100%
729,In the Name of the Tiger,"$353,700",-,-,"$353,700",100%
730,The Chumscrubber,"$351,401","$52,597",15%,"$298,804",85%
731,The Wind,"$351,172",-,-,"$351,172",100%
732,The Last Trapper 2005 Re-release,"$349,983",-,-,"$349,983",100%
733,Straight Outta Benoni,"$345,949",-,-,"$345,949",100%
734,The Dying Gaul,"$345,041","$342,747",99.3%,"$2,294",0.7%
735,T-Rex: Back to the Cretaceous 2005 Re-release,"$344,044",-,-,"$344,044",100%
736,Winter Solstice,"$337,617","$319,355",94.6%,"$18,262",5.4%
737,Kissed by Winter,"$337,214",-,-,"$337,214",100%
738,Soldatskiy dekameron,"$335,773",-,-,"$335,773",100%
739,Grenzverkehr,"$334,798",-,-,"$334,798",100%
740,Laylat Seqout Baghdad,"$333,629",-,-,"$333,629",100%
741,Colour of the Loyalty,"$331,779",-,-,"$331,779",100%
742,Lady and the Tramp 2005 Re-release,"$331,068",-,-,"$331,068",100%
743,Sins,"$324,008",-,-,"$324,008",100%
744,Hypnosis,"$323,911",-,-,"$323,911",100%
745,The Boys of Baraka,"$323,860","$323,860",100%,-,-
746,It's Our Life!,"$323,428",-,-,"$323,428",100%
747,Bug Me Not!,"$322,488",-,-,"$322,488",100%
748,The Giant,"$320,582",-,-,"$320,582",100%
749,Neal 'n' Nikki,"$318,860","$111,551",35%,"$207,309",65%
750,Rehlah Mashbuhah,"$318,398",-,-,"$318,398",100%
751,The Aryan Couple,"$316,527","$290,211",91.7%,"$26,316",8.3%
752,Ninas resa,"$316,371",-,-,"$316,371",100%
753,The Imam,"$316,029",-,-,"$316,029",100%
754,To Dream is Not Detrimental,"$314,576",-,-,"$314,576",100%
755,Elevator to the Gallows,"$314,387","$263,404",83.8%,"$50,983",16.2%
756,Kung Fu Mahjong 2,"$313,189",-,-,"$313,189",100%
757,Have No Fear,"$308,227",-,-,"$308,227",100%
758,Joys of Life,"$307,499",-,-,"$307,499",100%
759,Dot the I,"$307,486","$307,486",100%,-,-
760,The Unusual Youth,"$303,641",-,-,"$303,641",100%
761,"Endless, the Rock Return","$301,794",-,-,"$301,794",100%
762,Duplicity,"$300,941",-,-,"$300,941",100%
763,Monsieur Batignole 2005 Re-release,"$300,134",-,-,"$300,134",100%
764,Tickets,"$299,566",-,-,"$299,566",100%
765,2 Girls,"$299,372",-,-,"$299,372",100%
766,Dura,"$298,022",-,-,"$298,022",100%
767,Never Again as Before,"$296,888",-,-,"$296,888",100%
768,Dragon Squad,"$292,926",-,-,"$292,926",100%
769,Embrace Your Shadow,"$290,597",-,-,"$290,597",100%
770,Somne,"$290,369",-,-,"$290,369",100%
771,Hormigas en la boca,"$285,104",-,-,"$285,104",100%
772,Para que no me olvides,"$282,601",-,-,"$282,601",100%
773,Hrubes a Mares jsou kamarádi do deste,"$282,255",-,-,"$282,255",100%
774,Christmas in the Clouds,"$279,225","$279,225",100%,-,-
775,Sehar,"$278,908",-,-,"$278,908",100%
776,Roots,"$278,886",-,-,"$278,886",100%
777,Searching for Love,"$278,678",-,-,"$278,678",100%
778,Empress Chung,"$277,566",-,-,"$277,566",100%
779,Baytong,"$274,900",-,-,"$274,900",100%
780,Ek Ajnabee,"$273,364","$213,143",78%,"$60,221",22%
781,The Twins Effect II 2005 Re-release,"$273,109",-,-,"$273,109",100%
782,A Story of Theater,"$271,004",-,-,"$271,004",100%
783,Rottweiler,"$270,402",-,-,"$270,402",100%
784,Czas surferów,"$269,379",-,-,"$269,379",100%
785,Drabet,"$269,174",-,-,"$269,174",100%
786,Sarkar,"$264,217",-,-,"$264,217",100%
787,Bonkers,"$264,168",-,-,"$264,168",100%
788,My Date with Drew,"$262,770","$181,041",68.9%,"$81,729",31.1%
789,Valo,"$262,606",-,-,"$262,606",100%
790,Bab el web,"$261,047",-,-,"$261,047",100%
791,Balance and Movement,"$259,753",-,-,"$259,753",100%
792,Long Live Life,"$258,397",-,-,"$258,397",100%
793,Belly of the Beast,"$254,988",-,-,"$254,988",100%
794,The Trouble with Terkel,"$254,835",-,-,"$254,835",100%
795,Battle in Heaven,"$253,751","$70,899",27.9%,"$182,852",72.1%
796,Dosti: Friends Forever,"$252,920",-,-,"$252,920",100%
797,Le a fejjel!,"$252,547",-,-,"$252,547",100%
798,Ahimsa: Stop to Run,"$252,100",-,-,"$252,100",100%
799,Woman Is... a Tough Person,"$252,050",-,-,"$252,050",100%
800,Dominion,"$251,495","$251,495",100%,-,-
801,Heidi,"$250,029",-,-,"$250,029",100%
802,Games of Love and Chance 2005 Re-release,"$249,616","$8,085",3.2%,"$241,531",96.8%
803,Gay Sex in the 70s,"$249,565","$249,565",100%,-,-
804,Dars khososy,"$246,607",-,-,"$246,607",100%
805,The Animation Show 2005 Re-release,"$246,520","$246,520",100%,-,-
806,Watermarks,"$246,094","$246,094",100%,-,-
807,Darshan,"$240,819","$66,032",27.4%,"$174,787",72.6%
808,Flirt,"$240,791",-,-,"$240,791",100%
809,Nina's Tragedies,"$238,831","$238,831",100%,-,-
810,New York Doll,"$237,136","$219,672",92.6%,"$17,464",7.4%
811,Downtown Girls,"$236,300",-,-,"$236,300",100%
812,Down and Derby,"$231,609","$231,609",100%,-,-
813,The World,"$231,383","$64,123",27.7%,"$167,260",72.3%
814,The Keeper: The Legend of Omar Khayyam,"$225,863","$225,863",100%,-,-
815,This Charming Girl,"$225,557",-,-,"$225,557",100%
816,The Beauty Academy of Kabul,"$225,448","$225,448",100%,-,-
817,Conversations with Mother,"$225,008",-,-,"$225,008",100%
818,Jo Bole So Nihaal,"$223,516",-,-,"$223,516",100%
819,Impact,"$223,096",-,-,"$223,096",100%
820,Eleven Men Out,"$221,655",-,-,"$221,655",100%
821,The Sky Turns,"$221,322",-,-,"$221,322",100%
822,Lower City,"$219,814","$130,794",59.5%,"$89,020",40.5%
823,Som Meu Peun,"$217,600",-,-,"$217,600",100%
824,Peaches,"$215,283",-,-,"$215,283",100%
825,Import-Export,"$214,977",-,-,"$214,977",100%
826,Foon,"$207,876",-,-,"$207,876",100%
827,Before The Winter Chill,"$206,394",-,-,"$206,394",100%
828,The Untold Story of Emmett Louis Till,"$204,956","$204,956",100%,-,-
829,Gamblers,"$204,301",-,-,"$204,301",100%
830,States of Grace,"$203,144","$203,144",100%,-,-
831,Masculin Féminin,"$200,380","$200,380",100%,-,-
832,Angel in Love,"$198,655",-,-,"$198,655",100%
833,Malas temporadas,"$196,024",-,-,"$196,024",100%
834,The Princess and the Pea,"$195,358",-,-,"$195,358",100%
835,Johan,"$194,325",-,-,"$194,325",100%
836,I Saw Ben Barka Get Killed,"$192,990",-,-,"$192,990",100%
837,Al bahethat an al horeya,"$192,831",-,-,"$192,831",100%
838,November,"$192,186","$192,186",100%,-,-
839,Texas,"$192,118",-,-,"$192,118",100%
840,Sword in the Moon,"$189,634",-,-,"$189,634",100%
841,Stoned,"$187,160","$38,922",20.8%,"$148,238",79.2%
842,Morir en San Hilario,"$185,757",-,-,"$185,757",100%
843,Gaijin - Ama-me Como Sou,"$184,676",-,-,"$184,676",100%
844,It Had to Be You!,"$184,477",-,-,"$184,477",100%
845,Hellbent,"$183,066","$183,066",100%,-,-
846,Viva Cuba,"$182,914",-,-,"$182,914",100%
847,The Heart Is Deceitful Above All Things,"$182,297",-,-,"$182,297",100%
848,The Baxter,"$181,872","$181,872",100%,-,-
849,Sisters,"$179,121",-,-,"$179,121",100%
850,Protocols of Zion,"$178,875","$178,875",100%,-,-
851,Touch the Sound: A Sound Journey with Evelyn Glennie,"$176,801","$176,801",100%,-,-
852,Into the Sun,"$175,563",-,-,"$175,563",100%
853,A golpes,"$174,712",-,-,"$174,712",100%
854,Virgil,"$174,708",-,-,"$174,708",100%
855,Forty Shades of Blue,"$172,569","$75,828",43.9%,"$96,741",56.1%
856,Backstage 2005 Re-release,"$169,970",-,-,"$169,970",100%
857,Sword of Xanten,"$169,774",-,-,"$169,774",100%
858,Festival,"$168,055",-,-,"$168,055",100%
859,Le secret,"$166,721",-,-,"$166,721",100%
860,Uncle Nino,"$165,000","$165,000",100%,-,-
861,The Fire Ball,"$164,796",-,-,"$164,796",100%
862,Renart the Fox,"$164,547",-,-,"$164,547",100%
863,Hamada yelab,"$164,385",-,-,"$164,385",100%
864,Mughal-E-Azam,"$161,434","$161,434",100%,-,-
865,Música cubana,"$158,727",-,-,"$158,727",100%
866,Shut Up and Shoot Me,"$158,612",-,-,"$158,612",100%
867,Il resto di niente,"$156,252",-,-,"$156,252",100%
868,Matando Cabos 2005 Re-release,"$155,874","$155,874",100%,-,-
869,Duck Season 2005 Re-release,"$155,410","$147,551",94.9%,"$7,859",5.1%
870,Así es la suerte,"$155,306",-,-,"$155,306",100%
871,Eating Out,"$155,212","$155,212",100%,-,-
872,The Treasure of the White Falcons,"$154,413",-,-,"$154,413",100%
873,Alice,"$153,326",-,-,"$153,326",100%
874,Elvis Has Left the Building,"$152,547",-,-,"$152,547",100%
875,Dandelion,"$151,755",-,-,"$151,755",100%
876,Garçon stupide,"$151,702","$151,702",100%,-,-
877,The Rascals,"$149,300",-,-,"$149,300",100%
878,The Bullet Wives,"$148,700",-,-,"$148,700",100%
879,Dirty Deeds,"$146,490","$146,490",100%,-,-
880,Deck Dogz,"$144,942",-,-,"$144,942",100%
881,Shabd,"$143,655",-,-,"$143,655",100%
882,Return to Sender,"$143,194",-,-,"$143,194",100%
883,Man on the Train 2005 Re-release,"$141,917",-,-,"$141,917",100%
884,Ali Spicy,"$141,559",-,-,"$141,559",100%
885,Music from the Inside Out,"$141,504","$141,504",100%,-,-
886,The Sun,"$141,022",-,-,"$141,022",100%
887,Game Over,"$139,980",-,-,"$139,980",100%
888,L'orizzonte degli eventi,"$139,771",-,-,"$139,771",100%
889,Kamikaze Girls 2005 Re-release,"$139,139","$34,424",24.7%,"$104,715",75.3%
890,Promise Me Not,"$139,100",-,-,"$139,100",100%
891,Buena Vista Social Club 2005 Re-release,"$139,017",-,-,"$139,017",100%
892,Brooklyn Lobster,"$138,267","$138,267",100%,-,-
893,About Love,"$136,713",-,-,"$136,713",100%
894,The Ninth Day,"$135,311","$72,888",53.9%,"$62,423",46.1%
895,Lunacy,"$133,982","$48,324",36.1%,"$85,658",63.9%
896,The Brutal River,"$132,200",-,-,"$132,200",100%
897,Boy Eats Girl,"$130,051",-,-,"$130,051",100%
898,Be Here to Love Me,"$129,988","$129,988",100%,-,-
899,Chariton's Choir,"$129,600",-,-,"$129,600",100%
900,Dil Jo Bhi Kahey...,"$129,319","$129,319",100%,-,-
901,Let It Be,"$128,767",-,-,"$128,767",100%
902,The Twins Effect 2005 Re-release,"$125,767",-,-,"$125,767",100%
903,Natural City,"$124,677",-,-,"$124,677",100%
904,The Doll Master,"$124,073",-,-,"$124,073",100%
905,U-Carmen eKhayelitsha,"$123,616",-,-,"$123,616",100%
906,The Sentimental Education of Eugénie,"$122,367",-,-,"$122,367",100%
907,Silent Partner,"$121,825",-,-,"$121,825",100%
908,Hinokio,"$121,296",-,-,"$121,296",100%
909,Fjorton suger,"$121,218",-,-,"$121,218",100%
910,Emmenez-moi,"$121,165",-,-,"$121,165",100%
911,Sons of Provo,"$120,488","$120,488",100%,-,-
912,Tales of Terror: Haunted Apartment 2005 Re-release,"$119,392",-,-,"$119,392",100%
913,The Third,"$117,390",-,-,"$117,390",100%
914,A Buddha,"$116,865",-,-,"$116,865",100%
915,Ghost of Mae Nak,"$116,800",-,-,"$116,800",100%
916,Um Tiro no Escuro,"$116,674",-,-,"$116,674",100%
917,Loggerheads,"$115,314","$115,314",100%,-,-
918,Sinus,"$115,167",-,-,"$115,167",100%
919,After Innocence,"$114,264","$114,264",100%,-,-
920,Rice Rhapsody,"$113,778",-,-,"$113,778",100%
921,Guernsey,"$112,363",-,-,"$112,363",100%
922,Marebito,"$107,259","$13,983",13%,"$93,276",87%
923,Rohng tiam,"$106,500",-,-,"$106,500",100%
924,Out of Reach,"$104,502",-,-,"$104,502",100%
925,Pure,"$102,471","$102,471",100%,-,-
926,Werewolf in Bangkok,"$100,500",-,-,"$100,500",100%
927,Nanacha,"$97,600",-,-,"$97,600",100%
928,D.E.B.S.,"$97,446","$97,446",100%,-,-
929,The City of the Sun,"$95,965",-,-,"$95,965",100%
930,Zozo,"$95,476",-,-,"$95,476",100%
931,Classe Tous Risques,"$95,413","$95,413",100%,-,-
932,Mortadelo & Filemon: The Big Adventure 2005 Re-release,"$95,331",-,-,"$95,331",100%
933,Rh+,"$94,645",-,-,"$94,645",100%
934,Play,"$94,600",-,-,"$94,600",100%
935,Håkan Bråkan & Josef,"$94,143",-,-,"$94,143",100%
936,Oreed Khol'an,"$93,400",-,-,"$93,400",100%
937,The Fine Art of Love: Mine Ha-Ha,"$91,525",-,-,"$91,525",100%
938,Ek Khiladi Ek Haseena,"$90,869","$90,869",100%,-,-
939,Piratas en el Callao,"$89,595",-,-,"$89,595",100%
940,Kabod Tao Sri Sudajan,"$87,800",-,-,"$87,800",100%
941,Kairo 2005 Re-release,"$87,420","$51,420",58.8%,"$36,000",41.2%
942,First Morning,"$87,264","$87,264",100%,-,-
943,An Enemy of the People,"$85,927",-,-,"$85,927",100%
944,Three... Extremes 2005 Re-release,"$84,976","$77,532",91.2%,"$7,444",8.8%
945,Barely Legal,"$83,439","$26,511",31.8%,"$56,928",68.2%
946,Funny Ha Ha,"$82,528","$77,070",93.4%,"$5,458",6.6%
947,Your Next Life 2005 Re-release,"$81,787",-,-,"$81,787",100%
948,A State of Mind,"$81,450","$41,468",50.9%,"$39,982",49.1%
949,The Future of Food,"$81,280","$81,280",100%,-,-
950,Chrystal,"$80,858","$80,858",100%,-,-
951,Searching for the Wrong-Eyed Jesus,"$79,916","$79,916",100%,-,-
952,Concorso di colpa,"$79,780",-,-,"$79,780",100%
953,Rahtree: Flower of the Night 2005 Re-release,"$79,500",-,-,"$79,500",100%
954,The Remaker,"$77,700",-,-,"$77,700",100%
955,Real: The Movie,"$77,540",-,-,"$77,540",100%
956,Fan gun ba! Nan hai,"$77,043",-,-,"$77,043",100%
957,Shadows of the Deceased,"$76,583",-,-,"$76,583",100%
958,Stork Day 2005 Re-release,"$75,047",-,-,"$75,047",100%
959,The War Within,"$74,655","$74,655",100%,-,-
960,The Nomi Song,"$74,631","$74,631",100%,-,-
961,One Step Behind,"$74,424",-,-,"$74,424",100%
962,The Keeper,"$73,788",-,-,"$73,788",100%
963,Come Away Home,"$72,810","$72,810",100%,-,-
964,Dorian Blues,"$72,234","$72,234",100%,-,-
965,Naked in Ashes,"$72,073","$72,073",100%,-,-
966,Measures to Better the World,"$71,782",-,-,"$71,782",100%
967,Elaan,"$70,470",-,-,"$70,470",100%
968,The Night of the Brother,"$69,626",-,-,"$69,626",100%
969,Shake Hands with the Devil: The Journey of Roméo Dallaire,"$68,249","$68,249",100%,-,-
970,Painted Fire 2005 Re-release,"$66,701",-,-,"$66,701",100%
971,Ora e per sempre,"$66,318",-,-,"$66,318",100%
972,The Talent Given Us,"$65,827","$65,827",100%,-,-
973,Drowning Ghost,"$65,722",-,-,"$65,722",100%
974,Mail Order Wife,"$65,369","$62,387",95.4%,"$2,982",4.6%
975,An Adolescent 2005 Re-release,"$65,171","$65,171",100%,-,-
976,Amatemi,"$64,791",-,-,"$64,791",100%
977,Zero Fat,"$64,494",-,-,"$64,494",100%
978,Trilogy: The Weeping Meadow,"$64,424","$24,966",38.8%,"$39,458",61.2%
979,Rock School,"$64,310","$64,310",100%,-,-
980,May 6th,"$63,424",-,-,"$63,424",100%
981,Oskar & Josefine,"$62,900",-,-,"$62,900",100%
982,A Year Without Love,"$62,676","$24,381",38.9%,"$38,295",61.1%
983,Just Bea 2005 Re-release,"$62,140",-,-,"$62,140",100%
984,Bad Guy,"$62,100",-,-,"$62,100",100%
985,"Sorry, You Can't Get Through!","$61,571",-,-,"$61,571",100%
986,The Piano Player 2005 Re-release,"$60,928",-,-,"$60,928",100%
987,Edvard Munch,"$60,244","$43,539",72.3%,"$16,705",27.7%
988,Screen Door Jesus,"$59,000","$59,000",100%,-,-
989,Home Delivery: Aapko... Ghar Tak,"$58,499","$58,499",100%,-,-
990,Loop,"$58,418",-,-,"$58,418",100%
991,Omagh,"$57,684",-,-,"$57,684",100%
992,Camp 2005 Re-release,"$57,382",-,-,"$57,382",100%
993,Electric Shadows,"$56,809","$7,129",12.5%,"$49,680",87.5%
994,The Two of Us,"$56,558","$56,558",100%,-,-
995,Bugs! 2005 Re-release,"$56,227",-,-,"$56,227",100%
996,The Other Side of the Street,"$55,459","$55,459",100%,-,-
997,Yehi Hai High Society,"$54,695",-,-,"$54,695",100%
998,Ash Wednesday 2005 Re-release,"$54,500",-,-,"$54,500",100%
999,Schizo,"$54,357","$54,357",100%,-,-
"1,000","Sayonara, Kuro","$54,080",-,-,"$54,080",100%
"1,001",My Brother Is a Dog,"$54,033",-,-,"$54,033",100%
"1,002",Salvador Allende,"$53,590",-,-,"$53,590",100%
"1,003",Wolf 2005 Re-release,"$53,043",-,-,"$53,043",100%
"1,004",Blast,"$52,456",-,-,"$52,456",100%
"1,005",Cello,"$52,297",-,-,"$52,297",100%
"1,006",Alt for Norge,"$51,690",-,-,"$51,690",100%
"1,007",Wedding Night,"$51,350",-,-,"$51,350",100%
"1,008",God's Sandbox,"$51,246","$51,246",100%,-,-
"1,009",Wasabi Tuna 2005 Re-release,"$51,036","$51,036",100%,-,-
"1,010",The Warrior 2005 Re-release,"$50,257","$50,257",100%,-,-
"1,011",Hostage,"$50,100",-,-,"$50,100",100%
"1,012",Perfect Opposites 2005 Re-release,"$50,010",-,-,"$50,010",100%
"1,013",On the Outs,"$49,940","$49,940",100%,-,-
"1,014",Shark in the Head,"$49,636",-,-,"$49,636",100%
"1,015",Nazi Gold in Argentina,"$49,258",-,-,"$49,258",100%
"1,016",Angoor,"$49,219",-,-,"$49,219",100%
"1,017",Assisted Living,"$49,048","$49,048",100%,-,-
"1,018",Raging Bull 25th Anniversary,"$49,034","$49,034",100%,-,-
"1,019",Chocolate: Deep Dark Secrets,"$49,000","$49,000",100%,-,-
"1,020",Mila ot Mars,"$48,778",-,-,"$48,778",100%
"1,021",Shining Boy and Little Randy,"$48,218",-,-,"$48,218",100%
"1,022",Blackball 2005 Re-release,"$48,000","$48,000",100%,-,-
"1,023",George and the Dragon,"$47,636",-,-,"$47,636",100%
"1,024",Never Been Thawed,"$47,219","$47,219",100%,-,-
"1,025",The Goebbels Experiment,"$47,211","$47,211",100%,-,-
"1,026",Tropical Malady,"$46,750","$46,750",100%,-,-
"1,027",O Segredo,"$46,621",-,-,"$46,621",100%
"1,028",The Tunnel 2005 Re-release,"$46,296","$46,296",100%,-,-
"1,029",Spymate,"$46,007",-,-,"$46,007",100%
"1,030",Strange Valley,"$45,860",-,-,"$45,860",100%
"1,031",Masked Rider: Missing Ace the Movie,"$45,800",-,-,"$45,800",100%
"1,032",Ellie Parker,"$45,726","$34,410",75.3%,"$11,316",24.7%
"1,033",Sympathy for Mr. Vengeance 2005 Re-release,"$45,289","$45,289",100%,-,-
"1,034",Bailey's Billion$,"$45,000","$45,000",100%,-,-
"1,035",William Eggleston in the Real World,"$44,435","$44,435",100%,-,-
"1,036",Apaharan,"$44,133","$44,133",100%,-,-
"1,037",Koti-ikävä,"$43,734",-,-,"$43,734",100%
"1,038",Goldfish Memory,"$43,382",-,-,"$43,382",100%
"1,039",Heidi 2005 Re-release,"$43,192",-,-,"$43,192",100%
"1,040",Tell Them Who You Are,"$42,908","$39,075",91.1%,"$3,833",8.9%
"1,041",Death of a Dynasty,"$42,108","$42,108",100%,-,-
"1,042",L'amore di Màrja 2005 Re-release,"$42,024",-,-,"$42,024",100%
"1,043",Guy X,"$42,022",-,-,"$42,022",100%
"1,044",Inuyasha the Movie: Vol. 4 - Fire on the Mystic Island,"$41,963",-,-,"$41,963",100%
"1,045",Baramnan gajok 2005 Re-release,"$41,878",-,-,"$41,878",100%
"1,046",Taj Mahal: An Eternal Love Story,"$41,726",-,-,"$41,726",100%
"1,047",My Mother's Smile 2005 Re-release,"$41,432","$41,432",100%,-,-
"1,048",The Intruder,"$40,853","$40,853",100%,-,-
"1,049",Hate Crime,"$40,758","$40,758",100%,-,-
"1,050",Zizek!,"$40,331","$20,177",50%,"$20,154",50%
"1,051",Margaret Cho: Assassin,"$40,123","$40,123",100%,-,-
"1,052",Hollywood Flies,"$39,768",-,-,"$39,768",100%
"1,053",Russian Ark 2005 Re-release,"$39,759",-,-,"$39,759",100%
"1,054",Kholi Min Cholesterol,"$39,727",-,-,"$39,727",100%
"1,055",The Year of the Yao,"$38,585","$35,591",92.2%,"$2,994",7.8%
"1,056",Pasos,"$38,132",-,-,"$38,132",100%
"1,057",Roads to Koktebel 2005 Re-release,"$37,688",-,-,"$37,688",100%
"1,058",Perder es cuestión de método,"$36,665",-,-,"$36,665",100%
"1,059",Bin ich sexy?,"$36,275",-,-,"$36,275",100%
"1,060",Tai Hang shan shang,"$36,188",-,-,"$36,188",100%
"1,061",Dirty Love,"$36,099","$36,099",100%,-,-
"1,062",Jiminy Glick in Lalawood,"$36,039","$36,039",100%,-,-
"1,063",King's Game,"$35,436",-,-,"$35,436",100%
"1,064",Tales of Terror: Haunted Apartment,"$35,315",-,-,"$35,315",100%
"1,065",Km. 0 - Kilometer Zero 2005 Re-release,"$35,272",-,-,"$35,272",100%
"1,066",Campfire,"$34,835","$34,835",100%,-,-
"1,067",Pusher II,"$34,113",-,-,"$34,113",100%
"1,068",Fishing Luck,"$33,833",-,-,"$33,833",100%
"1,069",Agatha Christie,"$33,750",-,-,"$33,750",100%
"1,070",My Brother,"$33,584",-,-,"$33,584",100%
"1,071",Smile,"$32,833","$32,833",100%,-,-
"1,072",Triple Agent 2005 Re-release,"$32,728",-,-,"$32,728",100%
"1,073",People of Rome 2005 Re-release,"$32,564",-,-,"$32,564",100%
"1,074",Circleen - Little Big Mouse,"$32,186",-,-,"$32,186",100%
"1,075",Reel Paradise,"$31,918","$31,918",100%,-,-
"1,076",Going Shopping,"$31,908","$31,908",100%,-,-
"1,077",We'll Die Together,"$31,625",-,-,"$31,625",100%
"1,078",Manuelita 2005 Re-release,"$31,523",-,-,"$31,523",100%
"1,079",Spooked,"$31,460",-,-,"$31,460",100%
"1,080",Last Life in the Universe 2005 Re-release,"$31,081",-,-,"$31,081",100%
"1,081",The Dark Face of the Moon,"$30,942",-,-,"$30,942",100%
"1,082",39 Pounds of Love,"$30,330","$28,195",93%,"$2,135",7%
"1,083",Down to the Bone,"$30,241","$30,241",100%,-,-
"1,084",Mother Theresa,"$29,447",-,-,"$29,447",100%
"1,085",Naked Fame,"$29,220","$29,220",100%,-,-
"1,086",Fröken Sverige,"$28,860",-,-,"$28,860",100%
"1,087",The Passage,"$28,107",-,-,"$28,107",100%
"1,088",Eternal,"$28,089","$28,089",100%,-,-
"1,089",Moments of Love,"$27,710",-,-,"$27,710",100%
"1,090",Lung do kei yuen,"$27,460",-,-,"$27,460",100%
"1,091",Fatti della banda della Magliana,"$27,181",-,-,"$27,181",100%
"1,092",Cape of Good Hope,"$26,904","$26,904",100%,-,-
"1,093",36: The Movie,"$26,815",-,-,"$26,815",100%
"1,094",Restart,"$26,699",-,-,"$26,699",100%
"1,095",Mountain Patrol,"$26,460",-,-,"$26,460",100%
"1,096",Love's Lone Flower,"$26,183",-,-,"$26,183",100%
"1,097",Battle Royale 2005 Re-release,"$26,099",-,-,"$26,099",100%
"1,098","Sex, Politics & Cocktails","$26,087","$26,087",100%,-,-
"1,099","Lipstick & Dynamite, Piss & Vinegar: The First Ladies of Wrestling","$26,073","$26,073",100%,-,-
"1,100",The Perfect Stranger,"$25,759",-,-,"$25,759",100%
"1,101",Spirit Trap,"$25,245",-,-,"$25,245",100%
"1,102",Drivers Wanted,"$25,189","$25,189",100%,-,-
"1,103",Heimat 3: A Chronicle of Endings and Beginnings,"$25,175",-,-,"$25,175",100%
"1,104",Adriana,"$25,167",-,-,"$25,167",100%
"1,105",Der Wadenmesser,"$24,897",-,-,"$24,897",100%
"1,106",The Man Who Copied,"$24,391","$24,391",100%,-,-
"1,107",Shikhar,"$24,334",-,-,"$24,334",100%
"1,108",Tjenare kungen,"$24,216",-,-,"$24,216",100%
"1,109",My Crazy Mother,"$23,737",-,-,"$23,737",100%
"1,110",Emmanuel's Gift,"$23,728","$23,728",100%,-,-
"1,111",The Sage Hunter,"$23,513",-,-,"$23,513",100%
"1,112",Behibak Wa Bemoot Feek,"$23,200",-,-,"$23,200",100%
"1,113",Stolen Eyes,"$23,149",-,-,"$23,149",100%
"1,114",One Piece: Dead End Adventure 2005 Re-release,"$22,989",-,-,"$22,989",100%
"1,115",La passione di Giosué l'Ebreo,"$22,859",-,-,"$22,859",100%
"1,116",Blackmail Boy 2005 Re-release,"$22,393","$22,393",100%,-,-
"1,117",Eternal Love,"$22,202",-,-,"$22,202",100%
"1,118",Not on the Lips 2005 Re-release,"$22,057",-,-,"$22,057",100%
"1,119",Three Dancing Slaves,"$21,888","$21,888",100%,-,-
"1,120",Slutty Summer,"$21,515","$21,515",100%,-,-
"1,121",Three of Hearts 2005 Re-release,"$21,429","$21,429",100%,-,-
"1,122",Bigger Than the Sky,"$21,398","$21,398",100%,-,-
"1,123",Captive,"$21,333",-,-,"$21,333",100%
"1,124",Dallas 362,"$21,108","$21,108",100%,-,-
"1,125",Scatten der Zeit,"$21,108",-,-,"$21,108",100%
"1,126",Major Dundee,"$20,807","$20,807",100%,-,-
"1,127",Kousek nebe,"$20,757",-,-,"$20,757",100%
"1,128",Voices in Wartime,"$20,702","$20,702",100%,-,-
"1,129",The Last Dispatch,"$20,684","$20,684",100%,-,-
"1,130",The Blue Butterfly 2005 Re-release,"$20,264",-,-,"$20,264",100%
"1,131",Loverboy,"$20,234",-,-,"$20,234",100%
"1,132",24 Hour Party People 2005 Re-release,"$20,186",-,-,"$20,186",100%
"1,133",Chaos,"$20,166","$10,289",51%,"$9,877",49%
"1,134",The Deal,"$20,035",-,-,"$20,035",100%
"1,135",The Fakir,"$19,619",-,-,"$19,619",100%
"1,136",Bab el shams,"$19,516",-,-,"$19,516",100%
"1,137",First Year Con 2005 Re-release,"$19,362",-,-,"$19,362",100%
"1,138",Melancholian 3 huonetta,"$19,317","$19,317",100%,-,-
"1,139",Marathon 2005 Re-release,"$19,296",-,-,"$19,296",100%
"1,140",Breaking News 2005 Re-release,"$19,217",-,-,"$19,217",100%
"1,141",Shape of the Moon,"$18,870",-,-,"$18,870",100%
"1,142",A League of Ordinary Gentlemen 2005 Re-release,"$18,807","$18,807",100%,-,-
"1,143",Mr Ya Miss,"$18,516","$18,516",100%,-,-
"1,144",The Reception,"$18,389","$18,389",100%,-,-
"1,145",Dead Weight 2005 Re-release,"$18,243",-,-,"$18,243",100%
"1,146",Willard 2005 Re-release,"$17,920",-,-,"$17,920",100%
"1,147",Two Syllables Behind,"$17,696",-,-,"$17,696",100%
"1,148",The Beach Loafer 2005 Re-release,"$17,534",-,-,"$17,534",100%
"1,149","Milwaukee, Minnesota","$17,528","$17,528",100%,-,-
"1,150",Sunset Story,"$17,508","$17,508",100%,-,-
"1,151",Geminis,"$17,498",-,-,"$17,498",100%
"1,152",When I Turned Nine,"$17,479",-,-,"$17,479",100%
"1,153",The Great Water,"$17,257","$17,257",100%,-,-
"1,154",Fear of Intimacy,"$17,080",-,-,"$17,080",100%
"1,155",Zen me lang man dou ke yi,"$16,839",-,-,"$16,839",100%
"1,156",Fascination,"$16,670","$16,670",100%,-,-
"1,157",The Last Mogul,"$16,469","$16,469",100%,-,-
"1,158",Ethan Mao,"$16,444","$10,178",61.9%,"$6,266",38.1%
"1,159",Gai Fel Saree,"$16,225",-,-,"$16,225",100%
"1,160",Koma 2005 Re-release,"$16,200",-,-,"$16,200",100%
"1,161",Farhan melazem adem,"$16,149",-,-,"$16,149",100%
"1,162",Night of Henna,"$16,027","$16,027",100%,-,-
"1,163",For the Living and the Dead,"$16,016",-,-,"$16,016",100%
"1,164",Bomb the System,"$15,520","$15,520",100%,-,-
"1,165",Save the Green Planet!,"$15,516","$15,516",100%,-,-
"1,166",One Bright Shining Moment,"$15,504","$15,504",100%,-,-
"1,167",Formula 17 2005 Re-release,"$15,427","$15,427",100%,-,-
"1,168",The Wisher,"$15,369",-,-,"$15,369",100%
"1,169",Wild Side,"$15,355","$15,355",100%,-,-
"1,170",La vache et le président,"$15,319",-,-,"$15,319",100%
"1,171",Harry + Max,"$15,247","$15,247",100%,-,-
"1,172",Fall... in Love,"$15,030",-,-,"$15,030",100%
"1,173",Devil's Pond,"$15,027",-,-,"$15,027",100%
"1,174",The Moon Also Rises,"$14,983",-,-,"$14,983",100%
"1,175",A Tale of Two Pizzas,"$14,831","$14,831",100%,-,-
"1,176",My Five Wives: How Much Is Too Much?,"$14,609",-,-,"$14,609",100%
"1,177",Kim Novak Never Swam in Genesaret's Lake,"$14,079",-,-,"$14,079",100%
"1,178",Up for Grabs,"$13,931","$13,931",100%,-,-
"1,179",Dead Doll,"$13,905",-,-,"$13,905",100%
"1,180",Konecná stanica,"$13,782",-,-,"$13,782",100%
"1,181",Duane Hopwood,"$13,510","$13,510",100%,-,-
"1,182",Serie Galante: Looping,"$13,350",-,-,"$13,350",100%
"1,183",Undertow 2005 Re-release,"$13,170",-,-,"$13,170",100%
"1,184",Lawstorant,"$13,093",-,-,"$13,093",100%
"1,185",The Princess and the Warrior 2005 Re-release,"$12,809",-,-,"$12,809",100%
"1,186",Yesterday 2005 Re-release,"$12,778",-,-,"$12,778",100%
"1,187",Gory Gory Hallelujah,"$12,604","$12,604",100%,-,-
"1,188",Daltry Calhoun,"$12,551","$12,551",100%,-,-
"1,189",The Far Side of the Moon 2005 Re-release,"$12,534","$12,534",100%,-,-
"1,190",Warriors of Virtue 2005 Re-release,"$12,416",-,-,"$12,416",100%
"1,191",Clara et moi 2005 Re-release,"$12,340",-,-,"$12,340",100%
"1,192",Em Samheten,"$12,025",-,-,"$12,025",100%
"1,193",Face Addict,"$11,987",-,-,"$11,987",100%
"1,194",All Babes Want to Kill Me,"$11,975","$11,975",100%,-,-
"1,195",Levottomat 3 - kun mikään ei riitä 2005 Re-release,"$11,864",-,-,"$11,864",100%
"1,196",Bachke Rehna Re Baba,"$11,780",-,-,"$11,780",100%
"1,197",Writer of O,"$11,728","$11,728",100%,-,-
"1,198",Aunt Tiger,"$11,587",-,-,"$11,587",100%
"1,199",Girl Play,"$11,523","$11,523",100%,-,-
"1,200","...en fin, el mar","$11,475",-,-,"$11,475",100%
"1,201",Winning Girls Through Psychic Mind Control,"$11,089","$11,089",100%,-,-
"1,202",The Seventh Sense,"$10,666",-,-,"$10,666",100%
"1,203",It's All About Love 2005 Re-release,"$10,663",-,-,"$10,663",100%
"1,204",One More Round,"$10,629","$10,629",100%,-,-
"1,205",Fighting Tommy Riley,"$10,514","$10,514",100%,-,-
"1,206",Our Precious Children 2005 Re-release,"$10,463",-,-,"$10,463",100%
"1,207",Vaah! Life Ho Toh Aisi!,"$10,363",-,-,"$10,363",100%
"1,208",Pieces of April 2005 Re-release,"$10,293",-,-,"$10,293",100%
"1,209",The Sound of Music 2005 Re-release,"$10,205",-,-,"$10,205",100%
"1,210",Elemnee El Hob,"$10,042",-,-,"$10,042",100%
"1,211",Zielen van Napels,"$10,028",-,-,"$10,028",100%
"1,212",In Your Hands,"$10,011",-,-,"$10,011",100%
"1,213",Finding Home,"$9,736","$9,736",100%,-,-
"1,214",The President's Last Bang,"$9,724","$9,724",100%,-,-
"1,215",The Gospel of John 2005 Re-release,"$9,651",-,-,"$9,651",100%
"1,216",Earth and Ashes,"$9,530",-,-,"$9,530",100%
"1,217",Perfect Strangers 2005 Re-release,"$9,484",-,-,"$9,484",100%
"1,218",Kida OK!,"$9,437",-,-,"$9,437",100%
"1,219",Innocence and Experience: The Making of 'The Age of Innocence',"$9,395","$9,395",100%,-,-
"1,220",First Love 2005 Re-release,"$9,392","$9,392",100%,-,-
"1,221",Gangsters 2005 Re-release,"$9,368",-,-,"$9,368",100%
"1,222",Milk and Honey,"$9,331","$9,331",100%,-,-
"1,223",Film 2018: Episode dated 10 February 2004,"$9,151",-,-,"$9,151",100%
"1,224",Harry's Daughters,"$9,065",-,-,"$9,065",100%
"1,225",Living Life,"$9,064","$9,064",100%,-,-
"1,226",Into the Deep,"$9,011",-,-,"$9,011",100%
"1,227","Poor, Poor Pavel","$8,975",-,-,"$8,975",100%
"1,228",Lady Zee,"$8,894",-,-,"$8,894",100%
"1,229",The Swenkas,"$8,860","$8,860",100%,-,-
"1,230",Princess Raccoon,"$8,844",-,-,"$8,844",100%
"1,231",The Strait Story,"$8,835",-,-,"$8,835",100%
"1,232",One Last Ride,"$8,780",-,-,"$8,780",100%
"1,233",My Right to Ravage Myself,"$8,760",-,-,"$8,760",100%
"1,234",The Crimson Rivers 2005 Re-release,"$8,714",-,-,"$8,714",100%
"1,235",Equilibrium 2005 Re-release,"$8,572",-,-,"$8,572",100%
"1,236",Dogville 2005 Re-release,"$8,447",-,-,"$8,447",100%
"1,237",Good Life Delivery 2005 Re-release,"$8,441",-,-,"$8,441",100%
"1,238",Twist of Faith,"$8,129","$8,129",100%,-,-
"1,239",16 Years of Alcohol,"$8,046","$8,046",100%,-,-
"1,240",Occupation: Dreamland,"$8,018","$8,018",100%,-,-
"1,241",Off Beat,"$7,970",-,-,"$7,970",100%
"1,242",A Decent Factory,"$7,925","$7,925",100%,-,-
"1,243",Samurai Resurrection 2005 Re-release,"$7,875",-,-,"$7,875",100%
"1,244",Love and Courage,"$7,458",-,-,"$7,458",100%
"1,245",Aristide and the Endless Revolution,"$6,998","$6,998",100%,-,-
"1,246",The Professor and the Story of the Origami Girl,"$6,937",-,-,"$6,937",100%
"1,247",The Tin Drum,"$6,881",-,-,"$6,881",100%
"1,248",Autumn Spring 2005 Re-release,"$6,688",-,-,"$6,688",100%
"1,249",The Aggressives,"$6,533","$6,533",100%,-,-
"1,250",Santa santita,"$6,470","$6,470",100%,-,-
"1,251","White King, Red Rubber, Black Death","$6,458","$6,458",100%,-,-
"1,252",McLibel,"$6,450","$4,337",67.2%,"$2,113",32.8%
"1,253",Georgi and the Butterflies,"$6,433",-,-,"$6,433",100%
"1,254",Plastic Tree,"$6,320",-,-,"$6,320",100%
"1,255",Owner of the Story,"$6,300",-,-,"$6,300",100%
"1,256",Solitude,"$6,260","$6,260",100%,-,-
"1,257",Alemaya,"$6,250",-,-,"$6,250",100%
"1,258",Scorched 2005 Re-release,"$6,137",-,-,"$6,137",100%
"1,259",Buenos Aires 100 Km,"$6,015",-,-,"$6,015",100%
"1,260",La dignidad de los nadies,"$5,995",-,-,"$5,995",100%
"1,261",Little Longnose 2005 Re-release,"$5,808",-,-,"$5,808",100%
"1,262",Emile,"$5,799","$5,799",100%,-,-
"1,263",The Overture 2005 Re-release,"$5,740","$2,254",39.3%,"$3,486",60.7%
"1,264",Dream,"$5,729","$5,729",100%,-,-
"1,265",The Roost,"$5,642","$5,642",100%,-,-
"1,266",Quattro Noza,"$5,471","$5,471",100%,-,-
"1,267",Buffalo Soldiers 2005 Re-release,"$5,410",-,-,"$5,410",100%
"1,268",Hotel,"$5,398",-,-,"$5,398",100%
"1,269",Once Upon a Time in High School: The Spirit of Jeet Kune Do,"$5,271",-,-,"$5,271",100%
"1,270",The President's Barber,"$5,188",-,-,"$5,188",100%
"1,271",Like a Crashed Plane,"$5,156",-,-,"$5,156",100%
"1,272",About Love 2005 Re-release,"$5,131",-,-,"$5,131",100%
"1,273",On the Other Side of the Bridge 2005 Re-release,"$5,070",-,-,"$5,070",100%
"1,274",Sex & Philosophy,"$5,043",-,-,"$5,043",100%
"1,275","Peace, Propaganda & the Promised Land","$4,930","$4,930",100%,-,-
"1,276",Close to Heaven,"$4,928",-,-,"$4,928",100%
"1,277",Your Life for Perón,"$4,916",-,-,"$4,916",100%
"1,278",Chill Out! 2005 Re-release,"$4,846",-,-,"$4,846",100%
"1,279",Perlasca,"$4,780","$4,780",100%,-,-
"1,280",Bad Moon 2005 Re-release,"$4,739",-,-,"$4,739",100%
"1,281",Isn't This a Time! A Tribute Concert for Harold Leventhal,"$4,683","$4,683",100%,-,-
"1,282","Annyeong, sayonara","$4,676",-,-,"$4,676",100%
"1,283",Sacred Stage: The Mariinsky Theater,"$4,410","$4,410",100%,-,-
"1,284",Saint Seiya the Movie,"$4,324",-,-,"$4,324",100%
"1,285",This Divided State,"$4,255","$4,255",100%,-,-
"1,286",Butterfly 2005 Re-release,"$4,235",-,-,"$4,235",100%
"1,287",The Painting,"$4,115","$4,115",100%,-,-
"1,288",Extraordinary Teacher,"$4,103",-,-,"$4,103",100%
"1,289",From 30 Second to 10 Minutes,"$3,949",-,-,"$3,949",100%
"1,290",A Hole in My Heart,"$3,784","$3,784",100%,-,-
"1,291",The Helix... Loaded,"$3,700","$3,700",100%,-,-
"1,292",Cinema Paradiso 2005 Re-release,"$3,637",-,-,"$3,637",100%
"1,293",Widow with Kimono,"$3,585",-,-,"$3,585",100%
"1,294",Happy Here and Now,"$3,574","$3,574",100%,-,-
"1,295","Seville, Southside","$3,528",-,-,"$3,528",100%
"1,296",Ladies of London: A Match Made in Tabloid Heaven,"$3,469",-,-,"$3,469",100%
"1,297",Phileine Says Sorry 2005 Re-release,"$3,351",-,-,"$3,351",100%
"1,298",I Love Your Work,"$3,264","$3,264",100%,-,-
"1,299",Sex Sells: The Making of 'Touché',"$3,252","$3,252",100%,-,-
"1,300",Secretariat Service,"$3,146",-,-,"$3,146",100%
"1,301",Nowhere Man,"$3,105","$3,105",100%,-,-
"1,302",Unveiled,"$3,025","$3,025",100%,-,-
"1,303",15,"$3,013","$3,013",100%,-,-
"1,304",Stolen Childhoods,"$2,996","$2,996",100%,-,-
"1,305",A Children's Story 2005 Re-release,"$2,963",-,-,"$2,963",100%
"1,306",Three Days of Rain,"$2,841","$2,841",100%,-,-
"1,307",Dogora - Ouvrons les yeux,"$2,809",-,-,"$2,809",100%
"1,308",Orlando Vargas,"$2,693",-,-,"$2,693",100%
"1,309","Mokpo, Gangster's Paradise","$2,677",-,-,"$2,677",100%
"1,310",Autumn of Blue,"$2,674",-,-,"$2,674",100%
"1,311",Time for Sentiments,"$2,665",-,-,"$2,665",100%
"1,312",My Mother Likes Women 2005 Re-release,"$2,517",-,-,"$2,517",100%
"1,313","Tango, un giro extraño","$2,514",-,-,"$2,514",100%
"1,314",25 Degrees in Winter 2005 Re-release,"$2,506",-,-,"$2,506",100%
"1,315",Freaky Day,"$2,460",-,-,"$2,460",100%
"1,316",The Optimists,"$2,377","$2,377",100%,-,-
"1,317",No Rest for the Brave,"$2,279",-,-,"$2,279",100%
"1,318",The Barbarian Invasions 2005 Re-release,"$2,263",-,-,"$2,263",100%
"1,319",Side Effects,"$2,216","$2,216",100%,-,-
"1,320",To Catch a Virgin Ghost,"$2,119",-,-,"$2,119",100%
"1,321",Steal Me,"$1,967","$1,967",100%,-,-
"1,322",Tang Poetry,"$1,949",-,-,"$1,949",100%
"1,323",Dragon Eye Congee: A Dream of Love,"$1,938",-,-,"$1,938",100%
"1,324",With God on Our Side: George W. Bush and the Rise of the Religious Right in America,"$1,884","$1,884",100%,-,-
"1,325",She's One of Us 2005 Re-release,"$1,870","$1,870",100%,-,-
"1,326",Crime Scene X: Snakemen in the Desert,"$1,855",-,-,"$1,855",100%
"1,327",The Boat Is Full 2005 Re-release,"$1,718","$1,718",100%,-,-
"1,328","Lost in South, Mission: Going Home","$1,511",-,-,"$1,511",100%
"1,329",Making Grace,"$1,496","$1,496",100%,-,-
"1,330",The Letter: An American Town and the 'Somali Invasion',"$1,479","$1,479",100%,-,-
"1,331",Kalyug,"$1,435","$1,435",100%,-,-
"1,332",Monumental: David Brower's Fight for Wild America,"$1,430","$1,430",100%,-,-
"1,333",Return to the Land of Wonders,"$1,338","$1,338",100%,-,-
"1,334",Proteus: A Nineteenth Century Vision,"$1,246","$1,246",100%,-,-
"1,335",Spygirl,"$1,210",-,-,"$1,210",100%
"1,336",Les fils du vent,"$1,136",-,-,"$1,136",100%
"1,337",Pleasant Days,"$1,111",-,-,"$1,111",100%
"1,338",A Letter from Mars,$959,-,-,$959,100%
"1,339",Julie Walking Home,$892,-,-,$892,100%
"1,340",Here We Are,$872,-,-,$872,100%
"1,341",Conan Series: Vol. 5-8,$855,-,-,$855,100%
"1,342",Unitled Chinese Film,$686,-,-,$686,100%
"1,343",Spooky House 2005 Re-release,$637,$637,100%,-,-
"1,344",Steve + Sky,$624,$624,100%,-,-
"1,345",One Last Dance,$581,-,-,$581,100%
"1,346",The Comedians of Comedy,$549,$549,100%,-,-
"1,347",Killing Two Birds with One Stone,$449,-,-,$449,100%
"1,348",The Dark Hours,$423,$423,100%,-,-
"1,349",Altitude 1480,$422,-,-,$422,100%
"1,350",Music in Taiwan and Mandarin: A Companionship,$255,-,-,$255,100%
"1,351",The Rules of Attraction 2005 Re-release,$251,-,-,$251,100%
"1,352",Who's Afraid of Virginia Woolf? 2005 Re-release,$28,-,-,$28,100%
